п»їroomNumber,capacity,bldNumber,features,site_name
54-5027,97,54,DVD player,Highfield Campus
54-5027,97,54,Chalk board,Highfield Campus
54-5027,97,54,Bench PC,Highfield Campus
54-5027,97,54,Fixed seats - flat,Highfield Campus
54-5027,97,54,Network connection for laptops,Highfield Campus
54-5027,97,54,Screen,Highfield Campus
54-5027,97,54,Data/Video projection,Highfield Campus
54-5027,97,54,"RSC- DISABLED ACCESS - AUDIENCE (X) Not Egress Standard (No access for wheelchairs, difficult access for semi-ambulates)",Highfield Campus
54-5027,97,54,Lectern,Highfield Campus
54-5027,97,54,"RSC- DISABLED ACCESS - INSTRUCTOR (X) Not Egress Standard (No access for wheelchairs, difficult access for semi-ambulates)",Highfield Campus
4-2007,22,4,Bench PC,Highfield Campus
4-2007,22,4,Movable seats,Highfield Campus
4-2007,22,4,RSC- DISABLED ACCESS - INSTRUCTOR (B) Upper Floor Room Egress Standard Lift & Evac Management Plan,Highfield Campus
4-2007,22,4,Smartboard,Highfield Campus
4-2007,22,4,DVD playback via PC,Highfield Campus
4-2007,22,4,Network connection for laptops,Highfield Campus
4-2007,22,4,Wireless internet access,Highfield Campus
4-2007,22,4,Data/Video projection,Highfield Campus
4-2007,22,4,RSC- VISUALISER (VIDEO OHP),Highfield Campus
4-2007,22,4,Whiteboard,Highfield Campus
4-2007,22,4,RSC- DISABLED ACCESS - AUDIENCE (B) Upper Floor Room Egress Standard Lift & Evac Management Plan,Highfield Campus
34-2003,40,34,Bench PC,Highfield Campus
34-2003,40,34,RSC- DISABLED ACCESS - AUDIENCE (A) Ground Floor Room Fully Accessible,Highfield Campus
34-2003,40,34,DVD playback via PC,Highfield Campus
34-2003,40,34,Network connection for laptops,Highfield Campus
34-2003,40,34,Wireless internet access,Highfield Campus
34-2003,40,34,Data/Video projection,Highfield Campus
34-2003,40,34,Movable seats - no writing surfaces,Highfield Campus
34-2003,40,34,RSC- DISABLED ACCESS - INSTRUCTOR (A) Ground Floor Room Fully Accessible,Highfield Campus
34-2003,40,34,Whiteboard,Highfield Campus
34-2003,40,34,Paper Recycling Bin,Highfield Campus
34-2019,20,34,Bench PC,Highfield Campus
34-2019,20,34,RSC- DISABLED ACCESS - AUDIENCE (A) Ground Floor Room Fully Accessible,Highfield Campus
34-2019,20,34,Smartboard,Highfield Campus
34-2019,20,34,DVD playback via PC,Highfield Campus
34-2019,20,34,Network connection for laptops,Highfield Campus
34-2019,20,34,Wireless internet access,Highfield Campus
34-2019,20,34,Data/Video projection,Highfield Campus
34-2019,20,34,Movable seats - no writing surfaces,Highfield Campus
34-2019,20,34,RSC- DISABLED ACCESS - INSTRUCTOR (A) Ground Floor Room Fully Accessible,Highfield Campus
34-2019,20,34,Whiteboard,Highfield Campus
34-5003,25,34,Bench PC,Highfield Campus
34-5003,25,34,Smartboard,Highfield Campus
34-5003,25,34,DVD playback via PC,Highfield Campus
34-5003,25,34,Network connection for laptops,Highfield Campus
34-5003,25,34,Wireless internet access,Highfield Campus
34-5003,25,34,Data/Video projection,Highfield Campus
34-5003,25,34,Movable seats - no writing surfaces,Highfield Campus
34-5003,25,34,Whiteboard,Highfield Campus
34-5003,25,34,"RSC- DISABLED ACCESS - AUDIENCE (X) Not Egress Standard (No access for wheelchairs, difficult access for semi-ambulates)",Highfield Campus
34-5003,25,34,"RSC- DISABLED ACCESS - INSTRUCTOR (X) Not Egress Standard (No access for wheelchairs, difficult access for semi-ambulates)",Highfield Campus
4-4005,30,4,DVD player,Highfield Campus
4-4005,30,4,Bench PC,Highfield Campus
4-4005,30,4,Movable seats,Highfield Campus
4-4005,30,4,RSC- DISABLED ACCESS - INSTRUCTOR (B) Upper Floor Room Egress Standard Lift & Evac Management Plan,Highfield Campus
4-4005,30,4,Network connection for laptops,Highfield Campus
4-4005,30,4,Screen,Highfield Campus
4-4005,30,4,Wireless internet access,Highfield Campus
4-4005,30,4,Data/Video projection,Highfield Campus
4-4005,30,4,Whiteboard (large),Highfield Campus
4-4005,30,4,Whiteboard,Highfield Campus
4-4005,30,4,Lectern,Highfield Campus
4-4005,30,4,RSC- DISABLED ACCESS - AUDIENCE (B) Upper Floor Room Egress Standard Lift & Evac Management Plan,Highfield Campus
2-1035,56,2,DVD player,Highfield Campus
2-1035,56,2,Bench PC,Highfield Campus
2-1035,56,2,Fixed seats - flat,Highfield Campus
2-1035,56,2,Network connection for laptops,Highfield Campus
2-1035,56,2,Screen,Highfield Campus
2-1035,56,2,Wireless internet access,Highfield Campus
2-1035,56,2,Data/Video projection,Highfield Campus
2-1035,56,2,Whiteboard (large),Highfield Campus
2-1035,56,2,Whiteboard,Highfield Campus
2-1035,56,2,"RSC- DISABLED ACCESS - AUDIENCE (X) Not Egress Standard (No access for wheelchairs, difficult access for semi-ambulates)",Highfield Campus
2-1035,56,2,Lectern,Highfield Campus
44-3031,20,44,DVD player,Highfield Campus
44-3031,20,44,Bench PC,Highfield Campus
44-3031,20,44,Movable seats,Highfield Campus
44-3031,20,44,Network connection for laptops,Highfield Campus
44-3031,20,44,Data/Video projection,Highfield Campus
58-1037,16,58,Bench PC,Highfield Campus
58-1037,16,58,Movable seats,Highfield Campus
58-1037,16,58,RSC- DISABLED ACCESS - AUDIENCE (A) Ground Floor Room Fully Accessible,Highfield Campus
58-1037,16,58,Smartboard,Highfield Campus
58-1037,16,58,DVD playback via PC,Highfield Campus
58-1037,16,58,Network connection for laptops,Highfield Campus
58-1037,16,58,Wireless internet access,Highfield Campus
58-1037,16,58,Data/Video projection,Highfield Campus
58-1037,16,58,RSC- DISABLED ACCESS - INSTRUCTOR (A) Ground Floor Room Fully Accessible,Highfield Campus
58-1037,16,58,Whiteboard,Highfield Campus
34-3001,120,34,RSC- VISUALISER (RECORDABLE),Highfield Campus
34-3001,120,34,DVD player,Highfield Campus
34-3001,120,34,Bench PC,Highfield Campus
34-3001,120,34,RSC- DISABLED ACCESS - AUDIENCE (A) Ground Floor Room Fully Accessible,Highfield Campus
34-3001,120,34,Microphone,Highfield Campus
34-3001,120,34,Network connection for laptops,Highfield Campus
34-3001,120,34,Screen,Highfield Campus
34-3001,120,34,Wireless internet access,Highfield Campus
34-3001,120,34,Data/Video projection,Highfield Campus
34-3001,120,34,Whiteboard (large),Highfield Campus
34-3001,120,34,RSC- DISABLED ACCESS - INSTRUCTOR (A) Ground Floor Room Fully Accessible,Highfield Campus
34-3001,120,34,Whiteboard,Highfield Campus
34-3001,120,34,Lectern,Highfield Campus
34-3001,120,34,Fixed seats - tiered,Highfield Campus
65-1173,40,65,DVD player,Avenue Campus
65-1173,40,65,Bench PC,Avenue Campus
65-1173,40,65,Movable seats,Avenue Campus
65-1173,40,65,RSC- DISABLED ACCESS - AUDIENCE (A) Ground Floor Room Fully Accessible,Avenue Campus
65-1173,40,65,Network connection for laptops,Avenue Campus
65-1173,40,65,Screen,Avenue Campus
65-1173,40,65,Data/Video projection,Avenue Campus
65-1173,40,65,RSC- DISABLED ACCESS - INSTRUCTOR (A) Ground Floor Room Fully Accessible,Avenue Campus
65-1173,40,65,Whiteboard,Avenue Campus
65-1173,40,65,Lectern,Avenue Campus
13-3017,32,13,DVD player,Highfield Campus
13-3017,32,13,Bench PC,Highfield Campus
13-3017,32,13,Movable seats,Highfield Campus
13-3017,32,13,RSC- DISABLED ACCESS - INSTRUCTOR (B) Upper Floor Room Egress Standard Lift & Evac Management Plan,Highfield Campus
13-3017,32,13,Network connection for laptops,Highfield Campus
13-3017,32,13,Screen,Highfield Campus
13-3017,32,13,Wireless internet access,Highfield Campus
13-3017,32,13,Data/Video projection,Highfield Campus
13-3017,32,13,Whiteboard (large),Highfield Campus
13-3017,32,13,Induction loop for hearing aid users,Highfield Campus
13-3017,32,13,Whiteboard,Highfield Campus
13-3017,32,13,Lectern,Highfield Campus
13-3017,32,13,RSC- DISABLED ACCESS - AUDIENCE (B) Upper Floor Room Egress Standard Lift & Evac Management Plan,Highfield Campus
67-1009,20,67,Bench PC,Highfield Campus
67-1009,20,67,Movable seats,Highfield Campus
67-1009,20,67,RSC- DISABLED ACCESS - AUDIENCE (A) Ground Floor Room Fully Accessible,Highfield Campus
67-1009,20,67,DVD playback via PC,Highfield Campus
67-1009,20,67,Network connection for laptops,Highfield Campus
67-1009,20,67,Wireless internet access,Highfield Campus
67-1009,20,67,Data/Video projection,Highfield Campus
67-1009,20,67,RSC- DISABLED ACCESS - INSTRUCTOR (A) Ground Floor Room Fully Accessible,Highfield Campus
67-1009,20,67,Whiteboard,Highfield Campus
4-3007,22,4,Bench PC,Highfield Campus
4-3007,22,4,Movable seats,Highfield Campus
4-3007,22,4,RSC- DISABLED ACCESS - INSTRUCTOR (B) Upper Floor Room Egress Standard Lift & Evac Management Plan,Highfield Campus
4-3007,22,4,Smartboard,Highfield Campus
4-3007,22,4,DVD playback via PC,Highfield Campus
4-3007,22,4,Network connection for laptops,Highfield Campus
4-3007,22,4,Wireless internet access,Highfield Campus
4-3007,22,4,Data/Video projection,Highfield Campus
4-3007,22,4,RSC- VISUALISER (VIDEO OHP),Highfield Campus
4-3007,22,4,Whiteboard,Highfield Campus
4-3007,22,4,RSC- DISABLED ACCESS - AUDIENCE (B) Upper Floor Room Egress Standard Lift & Evac Management Plan,Highfield Campus
65-2151,18,65,Data/Video projection,Avenue Campus
65-2151,18,65,Paper Recycling Bin,Avenue Campus
58-1023,62,58,DVD player,Highfield Campus
58-1023,62,58,Bench PC,Highfield Campus
58-1023,62,58,Fixed seats - flat,Highfield Campus
58-1023,62,58,Network connection for laptops,Highfield Campus
58-1023,62,58,Screen,Highfield Campus
58-1023,62,58,Wireless internet access,Highfield Campus
58-1023,62,58,Data/Video projection,Highfield Campus
58-1023,62,58,Whiteboard (large),Highfield Campus
58-1023,62,58,RSC- DISABLED ACCESS - INSTRUCTOR (A) Ground Floor Room Fully Accessible,Highfield Campus
58-1023,62,58,Whiteboard,Highfield Campus
58-1023,62,58,"RSC- DISABLED ACCESS - AUDIENCE (X) Not Egress Standard (No access for wheelchairs, difficult access for semi-ambulates)",Highfield Campus
58-1023,62,58,Lectern,Highfield Campus
58-1039,32,58,DVD player,Highfield Campus
58-1039,32,58,Bench PC,Highfield Campus
58-1039,32,58,Movable seats,Highfield Campus
58-1039,32,58,RSC- DISABLED ACCESS - AUDIENCE (A) Ground Floor Room Fully Accessible,Highfield Campus
58-1039,32,58,Network connection for laptops,Highfield Campus
58-1039,32,58,Wireless internet access,Highfield Campus
58-1039,32,58,Data/Video projection,Highfield Campus
58-1039,32,58,Whiteboard (large),Highfield Campus
58-1039,32,58,Induction loop for hearing aid users,Highfield Campus
58-1039,32,58,RSC- DISABLED ACCESS - INSTRUCTOR (A) Ground Floor Room Fully Accessible,Highfield Campus
58-1039,32,58,Whiteboard,Highfield Campus
58-1039,32,58,Lectern,Highfield Campus
44-3033,20,44,DVD player,Highfield Campus
44-3033,20,44,Bench PC,Highfield Campus
44-3033,20,44,Movable seats,Highfield Campus
44-3033,20,44,Microphone,Highfield Campus
44-3033,20,44,Network connection for laptops,Highfield Campus
44-3033,20,44,Data/Video projection,Highfield Campus
44-3033,20,44,Induction loop for hearing aid users,Highfield Campus
44-3033,20,44,Whiteboard,Highfield Campus
44-3033,20,44,Bin,Highfield Campus
25-1011,23,25,Mixed Recycling Bin,Highfield Campus
25-1011,23,25,Wireless internet access,Highfield Campus
54-7033,40,54,DVD player,Highfield Campus
54-7033,40,54,Chalk board,Highfield Campus
54-7033,40,54,Bench PC,Highfield Campus
54-7033,40,54,RSC- DISABLED ACCESS - INSTRUCTOR (C) Lift Not Egress Standard - Room Suitable for PEEP,Highfield Campus
54-7033,40,54,Movable seats,Highfield Campus
54-7033,40,54,Network connection for laptops,Highfield Campus
54-7033,40,54,Screen,Highfield Campus
54-7033,40,54,Data/Video projection,Highfield Campus
54-7033,40,54,RSC- DISABLED ACCESS - AUDIENCE (C) Lift Not Egress Standard - Room Suitable for PEEP,Highfield Campus
54-7033,40,54,Lectern,Highfield Campus
5-2015,80,5,DVD player,Highfield Campus
5-2015,80,5,Bench PC,Highfield Campus
5-2015,80,5,Network connection for laptops,Highfield Campus
5-2015,80,5,Screen,Highfield Campus
5-2015,80,5,Wireless internet access,Highfield Campus
5-2015,80,5,Data/Video projection,Highfield Campus
5-2015,80,5,Whiteboard (large),Highfield Campus
5-2015,80,5,RSC- DISABLED ACCESS - INSTRUCTOR (A) Ground Floor Room Fully Accessible,Highfield Campus
5-2015,80,5,Whiteboard,Highfield Campus
5-2015,80,5,"RSC- DISABLED ACCESS - AUDIENCE (X) Not Egress Standard (No access for wheelchairs, difficult access for semi-ambulates)",Highfield Campus
5-2015,80,5,Lectern,Highfield Campus
5-2015,80,5,Fixed seats - tiered,Highfield Campus
65-1175,101,65,DVD player,Avenue Campus
65-1175,101,65,Bench PC,Avenue Campus
65-1175,101,65,RSC- DISABLED ACCESS - AUDIENCE (A) Ground Floor Room Fully Accessible,Avenue Campus
65-1175,101,65,Microphone,Avenue Campus
65-1175,101,65,Network connection for laptops,Avenue Campus
65-1175,101,65,Screen,Avenue Campus
65-1175,101,65,Data/Video projection,Avenue Campus
65-1175,101,65,Induction loop for hearing aid users,Avenue Campus
65-1175,101,65,RSC- VISUALISER (VIDEO OHP),Avenue Campus
65-1175,101,65,RSC- DISABLED ACCESS - INSTRUCTOR (A) Ground Floor Room Fully Accessible,Avenue Campus
65-1175,101,65,Whiteboard,Avenue Campus
65-1175,101,65,Lectern,Avenue Campus
65-1175,101,65,Sympodium (Smartscreen for the PC),Avenue Campus
65-1175,101,65,Fixed seats - tiered,Avenue Campus
54-10037,32,54,DVD player,Highfield Campus
54-10037,32,54,Chalk board,Highfield Campus
54-10037,32,54,Bench PC,Highfield Campus
54-10037,32,54,RSC- DISABLED ACCESS - INSTRUCTOR (C) Lift Not Egress Standard - Room Suitable for PEEP,Highfield Campus
54-10037,32,54,Movable seats,Highfield Campus
54-10037,32,54,Network connection for laptops,Highfield Campus
54-10037,32,54,Screen,Highfield Campus
54-10037,32,54,Data/Video projection,Highfield Campus
54-10037,32,54,Whiteboard (large),Highfield Campus
54-10037,32,54,RSC- DISABLED ACCESS - AUDIENCE (C) Lift Not Egress Standard - Room Suitable for PEEP,Highfield Campus
54-10037,32,54,Lectern,Highfield Campus
13-3019,35,13,DVD player,Highfield Campus
13-3019,35,13,Bench PC,Highfield Campus
13-3019,35,13,Movable seats,Highfield Campus
13-3019,35,13,RSC- DISABLED ACCESS - INSTRUCTOR (B) Upper Floor Room Egress Standard Lift & Evac Management Plan,Highfield Campus
13-3019,35,13,Network connection for laptops,Highfield Campus
13-3019,35,13,Screen,Highfield Campus
13-3019,35,13,Wireless internet access,Highfield Campus
13-3019,35,13,Data/Video projection,Highfield Campus
13-3019,35,13,Whiteboard (large),Highfield Campus
13-3019,35,13,Induction loop for hearing aid users,Highfield Campus
13-3019,35,13,Whiteboard,Highfield Campus
13-3019,35,13,Lectern,Highfield Campus
13-3019,35,13,RSC- DISABLED ACCESS - AUDIENCE (B) Upper Floor Room Egress Standard Lift & Evac Management Plan,Highfield Campus
85-2207,56,85,RSC- VISUALISER (RECORDABLE),Highfield Campus
85-2207,56,85,DVD player,Highfield Campus
85-2207,56,85,Bench PC,Highfield Campus
85-2207,56,85,Movable seats,Highfield Campus
85-2207,56,85,RSC- DISABLED ACCESS - AUDIENCE (A) Ground Floor Room Fully Accessible,Highfield Campus
85-2207,56,85,Microphone,Highfield Campus
85-2207,56,85,Network connection for laptops,Highfield Campus
85-2207,56,85,Data/Video projection,Highfield Campus
85-2207,56,85,Whiteboard (large),Highfield Campus
85-2207,56,85,Induction loop for hearing aid users,Highfield Campus
85-2207,56,85,RSC- VISUALISER (VIDEO OHP),Highfield Campus
85-2207,56,85,RSC- DISABLED ACCESS - INSTRUCTOR (A) Ground Floor Room Fully Accessible,Highfield Campus
85-2207,56,85,Whiteboard,Highfield Campus
85-2207,56,85,Lectern,Highfield Campus
58-1047,23,58,RSC- DISABLED ACCESS - AUDIENCE (A) Ground Floor Room Fully Accessible,Highfield Campus
58-1047,23,58,Mixed Recycling Bin,Highfield Campus
58-1047,23,58,Wireless internet access,Highfield Campus
58-1047,23,58,RSC- DISABLED ACCESS - INSTRUCTOR (A) Ground Floor Room Fully Accessible,Highfield Campus
45-1015,15,45,Paper Recycling Bin,Highfield Campus
67-1003,69,67,RSC- VISUALISER (RECORDABLE),Highfield Campus
67-1003,69,67,DVD player,Highfield Campus
67-1003,69,67,Bench PC,Highfield Campus
67-1003,69,67,Video conferencing,Highfield Campus
67-1003,69,67,Movable seats,Highfield Campus
67-1003,69,67,RSC- DISABLED ACCESS - AUDIENCE (A) Ground Floor Room Fully Accessible,Highfield Campus
67-1003,69,67,Microphone,Highfield Campus
67-1003,69,67,Network connection for laptops,Highfield Campus
67-1003,69,67,Screen,Highfield Campus
67-1003,69,67,Wireless internet access,Highfield Campus
67-1003,69,67,Data/Video projection,Highfield Campus
67-1003,69,67,Whiteboard (large),Highfield Campus
67-1003,69,67,Induction loop for hearing aid users,Highfield Campus
67-1003,69,67,RSC- VISUALISER (VIDEO OHP),Highfield Campus
67-1003,69,67,RSC- DISABLED ACCESS - INSTRUCTOR (A) Ground Floor Room Fully Accessible,Highfield Campus
67-1003,69,67,Whiteboard,Highfield Campus
67-1003,69,67,Sympodium (Smartscreen for the PC),Highfield Campus
7-3023,37,7,DVD player,Highfield Campus
7-3023,37,7,Bench PC,Highfield Campus
7-3023,37,7,Fixed seats - flat,Highfield Campus
7-3023,37,7,RSC- DISABLED ACCESS - INSTRUCTOR (B) Upper Floor Room Egress Standard Lift & Evac Management Plan,Highfield Campus
7-3023,37,7,Network connection for laptops,Highfield Campus
7-3023,37,7,Screen,Highfield Campus
7-3023,37,7,Wireless internet access,Highfield Campus
7-3023,37,7,Data/Video projection,Highfield Campus
7-3023,37,7,Whiteboard (large),Highfield Campus
7-3023,37,7,Whiteboard,Highfield Campus
7-3023,37,7,"RSC- DISABLED ACCESS - AUDIENCE (X) Not Egress Standard (No access for wheelchairs, difficult access for semi-ambulates)",Highfield Campus
7-3023,37,7,Lectern,Highfield Campus
7-3023,40,7,DVD player,Highfield Campus
7-3023,40,7,Bench PC,Highfield Campus
7-3023,40,7,Fixed seats - flat,Highfield Campus
7-3023,40,7,RSC- DISABLED ACCESS - INSTRUCTOR (B) Upper Floor Room Egress Standard Lift & Evac Management Plan,Highfield Campus
7-3023,40,7,Network connection for laptops,Highfield Campus
7-3023,40,7,Screen,Highfield Campus
7-3023,40,7,Wireless internet access,Highfield Campus
7-3023,40,7,Data/Video projection,Highfield Campus
7-3023,40,7,Whiteboard (large),Highfield Campus
7-3023,40,7,Whiteboard,Highfield Campus
7-3023,40,7,"RSC- DISABLED ACCESS - AUDIENCE (X) Not Egress Standard (No access for wheelchairs, difficult access for semi-ambulates)",Highfield Campus
7-3023,40,7,Lectern,Highfield Campus
58-1025,30,58,Bench PC,Highfield Campus
58-1025,30,58,Movable seats,Highfield Campus
58-1025,30,58,RSC- DISABLED ACCESS - AUDIENCE (A) Ground Floor Room Fully Accessible,Highfield Campus
58-1025,30,58,Smartboard,Highfield Campus
58-1025,30,58,DVD playback via PC,Highfield Campus
58-1025,30,58,Network connection for laptops,Highfield Campus
58-1025,30,58,Wireless internet access,Highfield Campus
58-1025,30,58,Data/Video projection,Highfield Campus
58-1025,30,58,RSC- DISABLED ACCESS - INSTRUCTOR (A) Ground Floor Room Fully Accessible,Highfield Campus
58-1025,30,58,Whiteboard,Highfield Campus
65-1097,40,65,DVD player,Avenue Campus
65-1097,40,65,Bench PC,Avenue Campus
65-1097,40,65,Movable seats,Avenue Campus
65-1097,40,65,RSC- DISABLED ACCESS - AUDIENCE (A) Ground Floor Room Fully Accessible,Avenue Campus
65-1097,40,65,Network connection for laptops,Avenue Campus
65-1097,40,65,Screen,Avenue Campus
65-1097,40,65,Data/Video projection,Avenue Campus
65-1097,40,65,RSC- DISABLED ACCESS - INSTRUCTOR (A) Ground Floor Room Fully Accessible,Avenue Campus
65-1097,40,65,Whiteboard,Avenue Campus
65-1097,40,65,Lectern,Avenue Campus
65-1097,40,65,Sympodium (Smartscreen for the PC),Avenue Campus
45-2039,65,45,DVD player,Highfield Campus
45-2039,65,45,Bench PC,Highfield Campus
45-2039,65,45,Movable seats,Highfield Campus
45-2039,65,45,RSC- DISABLED ACCESS - INSTRUCTOR (B) Upper Floor Room Egress Standard Lift & Evac Management Plan,Highfield Campus
45-2039,65,45,Microphone,Highfield Campus
45-2039,65,45,Network connection for laptops,Highfield Campus
45-2039,65,45,Screen,Highfield Campus
45-2039,65,45,Data/Video projection,Highfield Campus
45-2039,65,45,Induction loop for hearing aid users,Highfield Campus
45-2039,65,45,Whiteboard,Highfield Campus
45-2039,65,45,Lectern,Highfield Campus
45-2039,65,45,RSC- DISABLED ACCESS - AUDIENCE (B) Upper Floor Room Egress Standard Lift & Evac Management Plan,Highfield Campus
58-1065,34,58,DVD player,Highfield Campus
58-1065,34,58,Bench PC,Highfield Campus
58-1065,34,58,Movable seats,Highfield Campus
58-1065,34,58,RSC- DISABLED ACCESS - AUDIENCE (A) Ground Floor Room Fully Accessible,Highfield Campus
58-1065,34,58,Network connection for laptops,Highfield Campus
58-1065,34,58,Wireless internet access,Highfield Campus
58-1065,34,58,Data/Video projection,Highfield Campus
58-1065,34,58,Whiteboard (large),Highfield Campus
58-1065,34,58,Induction loop for hearing aid users,Highfield Campus
58-1065,34,58,RSC- DISABLED ACCESS - INSTRUCTOR (A) Ground Floor Room Fully Accessible,Highfield Campus
58-1065,34,58,Whiteboard,Highfield Campus
58-1065,34,58,Lectern,Highfield Campus
25-1007,45,25,RSC- DISABLED ACCESS - AUDIENCE (A) Ground Floor Room Fully Accessible,Highfield Campus
25-1007,45,25,Mixed Recycling Bin,Highfield Campus
25-1007,45,25,Wireless internet access,Highfield Campus
25-1007,45,25,RSC- DISABLED ACCESS - INSTRUCTOR (A) Ground Floor Room Fully Accessible,Highfield Campus
34-4011,10,34,DVD player,Highfield Campus
34-4011,10,34,Bench PC,Highfield Campus
34-4011,10,34,Network connection for laptops,Highfield Campus
34-4011,10,34,Wireless internet access,Highfield Campus
34-4011,10,34,Data/Video projection,Highfield Campus
34-4011,10,34,Movable seats - no writing surfaces,Highfield Campus
34-4011,10,34,Whiteboard,Highfield Campus
34-4011,10,34,"RSC- DISABLED ACCESS - AUDIENCE (X) Not Egress Standard (No access for wheelchairs, difficult access for semi-ambulates)",Highfield Campus
34-4011,10,34,"RSC- DISABLED ACCESS - INSTRUCTOR (X) Not Egress Standard (No access for wheelchairs, difficult access for semi-ambulates)",Highfield Campus
32-3077,40,32,DVD player,Highfield Campus
32-3077,40,32,Bench PC,Highfield Campus
32-3077,40,32,Movable seats,Highfield Campus
32-3077,40,32,RSC- DISABLED ACCESS - INSTRUCTOR (B) Upper Floor Room Egress Standard Lift & Evac Management Plan,Highfield Campus
32-3077,40,32,Microphone,Highfield Campus
32-3077,40,32,Network connection for laptops,Highfield Campus
32-3077,40,32,Wireless internet access,Highfield Campus
32-3077,40,32,Data/Video projection,Highfield Campus
32-3077,40,32,Whiteboard (large),Highfield Campus
32-3077,40,32,Whiteboard,Highfield Campus
32-3077,40,32,RSC- DISABLED ACCESS - AUDIENCE (B) Upper Floor Room Egress Standard Lift & Evac Management Plan,Highfield Campus
4-1033,21,4,Bench PC,Highfield Campus
4-1033,21,4,Movable seats,Highfield Campus
4-1033,21,4,RSC- DISABLED ACCESS - AUDIENCE (A) Ground Floor Room Fully Accessible,Highfield Campus
4-1033,21,4,Smartboard,Highfield Campus
4-1033,21,4,DVD playback via PC,Highfield Campus
4-1033,21,4,Network connection for laptops,Highfield Campus
4-1033,21,4,Wireless internet access,Highfield Campus
4-1033,21,4,Data/Video projection,Highfield Campus
4-1033,21,4,RSC- VISUALISER (VIDEO OHP),Highfield Campus
4-1033,21,4,RSC- DISABLED ACCESS - INSTRUCTOR (A) Ground Floor Room Fully Accessible,Highfield Campus
4-1033,21,4,Whiteboard,Highfield Campus
7-3027,58,7,DVD player,Highfield Campus
7-3027,58,7,Bench PC,Highfield Campus
7-3027,58,7,Fixed seats - flat,Highfield Campus
7-3027,58,7,RSC- DISABLED ACCESS - INSTRUCTOR (B) Upper Floor Room Egress Standard Lift & Evac Management Plan,Highfield Campus
7-3027,58,7,Network connection for laptops,Highfield Campus
7-3027,58,7,Screen,Highfield Campus
7-3027,58,7,Wireless internet access,Highfield Campus
7-3027,58,7,Data/Video projection,Highfield Campus
7-3027,58,7,Whiteboard (large),Highfield Campus
7-3027,58,7,Whiteboard,Highfield Campus
7-3027,58,7,"RSC- DISABLED ACCESS - AUDIENCE (X) Not Egress Standard (No access for wheelchairs, difficult access for semi-ambulates)",Highfield Campus
7-3027,58,7,Lectern,Highfield Campus
65-1143,30,65,DVD player,Avenue Campus
65-1143,30,65,Bench PC,Avenue Campus
65-1143,30,65,Movable seats,Avenue Campus
65-1143,30,65,RSC- DISABLED ACCESS - AUDIENCE (A) Ground Floor Room Fully Accessible,Avenue Campus
65-1143,30,65,Network connection for laptops,Avenue Campus
65-1143,30,65,Screen,Avenue Campus
65-1143,30,65,Data/Video projection,Avenue Campus
65-1143,30,65,RSC- DISABLED ACCESS - INSTRUCTOR (A) Ground Floor Room Fully Accessible,Avenue Campus
65-1143,30,65,Whiteboard,Avenue Campus
65-1143,30,65,Lectern,Avenue Campus
34-5007,23,34,Bench PC,Highfield Campus
34-5007,23,34,Smartboard,Highfield Campus
34-5007,23,34,DVD playback via PC,Highfield Campus
34-5007,23,34,Network connection for laptops,Highfield Campus
34-5007,23,34,Wireless internet access,Highfield Campus
34-5007,23,34,Data/Video projection,Highfield Campus
34-5007,23,34,Movable seats - no writing surfaces,Highfield Campus
34-5007,23,34,Whiteboard,Highfield Campus
34-5007,23,34,"RSC- DISABLED ACCESS - AUDIENCE (X) Not Egress Standard (No access for wheelchairs, difficult access for semi-ambulates)",Highfield Campus
34-5007,23,34,"RSC- DISABLED ACCESS - INSTRUCTOR (X) Not Egress Standard (No access for wheelchairs, difficult access for semi-ambulates)",Highfield Campus
46-2005,97,46,RSC- VISUALISER (RECORDABLE),Highfield Campus
46-2005,97,46,DVD player,Highfield Campus
46-2005,97,46,Chalk board,Highfield Campus
46-2005,97,46,Bench PC,Highfield Campus
46-2005,97,46,RSC- DISABLED ACCESS - AUDIENCE (A) Ground Floor Room Fully Accessible,Highfield Campus
46-2005,97,46,Microphone,Highfield Campus
46-2005,97,46,Network connection for laptops,Highfield Campus
46-2005,97,46,Screen,Highfield Campus
46-2005,97,46,Wireless internet access,Highfield Campus
46-2005,97,46,Data/Video projection,Highfield Campus
46-2005,97,46,Induction loop for hearing aid users,Highfield Campus
46-2005,97,46,RSC- VISUALISER (VIDEO OHP),Highfield Campus
46-2005,97,46,RSC- DISABLED ACCESS - INSTRUCTOR (A) Ground Floor Room Fully Accessible,Highfield Campus
46-2005,97,46,Whiteboard,Highfield Campus
46-2005,97,46,Fixed seats - tiered,Highfield Campus
7-3031,64,7,DVD player,Highfield Campus
7-3031,64,7,Bench PC,Highfield Campus
7-3031,64,7,Fixed seats - flat,Highfield Campus
7-3031,64,7,RSC- DISABLED ACCESS - INSTRUCTOR (B) Upper Floor Room Egress Standard Lift & Evac Management Plan,Highfield Campus
7-3031,64,7,Network connection for laptops,Highfield Campus
7-3031,64,7,Screen,Highfield Campus
7-3031,64,7,Wireless internet access,Highfield Campus
7-3031,64,7,Data/Video projection,Highfield Campus
7-3031,64,7,Whiteboard (large),Highfield Campus
7-3031,64,7,Whiteboard,Highfield Campus
7-3031,64,7,"RSC- DISABLED ACCESS - AUDIENCE (X) Not Egress Standard (No access for wheelchairs, difficult access for semi-ambulates)",Highfield Campus
7-3031,64,7,Lectern,Highfield Campus
7-3031,63,7,DVD player,Highfield Campus
7-3031,63,7,Bench PC,Highfield Campus
7-3031,63,7,Fixed seats - flat,Highfield Campus
7-3031,63,7,RSC- DISABLED ACCESS - INSTRUCTOR (B) Upper Floor Room Egress Standard Lift & Evac Management Plan,Highfield Campus
7-3031,63,7,Network connection for laptops,Highfield Campus
7-3031,63,7,Screen,Highfield Campus
7-3031,63,7,Wireless internet access,Highfield Campus
7-3031,63,7,Data/Video projection,Highfield Campus
7-3031,63,7,Whiteboard (large),Highfield Campus
7-3031,63,7,Whiteboard,Highfield Campus
7-3031,63,7,"RSC- DISABLED ACCESS - AUDIENCE (X) Not Egress Standard (No access for wheelchairs, difficult access for semi-ambulates)",Highfield Campus
7-3031,63,7,Lectern,Highfield Campus
54-7035,40,54,DVD player,Highfield Campus
54-7035,40,54,Chalk board,Highfield Campus
54-7035,40,54,Bench PC,Highfield Campus
54-7035,40,54,RSC- DISABLED ACCESS - INSTRUCTOR (C) Lift Not Egress Standard - Room Suitable for PEEP,Highfield Campus
54-7035,40,54,Movable seats,Highfield Campus
54-7035,40,54,Network connection for laptops,Highfield Campus
54-7035,40,54,Screen,Highfield Campus
54-7035,40,54,Data/Video projection,Highfield Campus
54-7035,40,54,RSC- DISABLED ACCESS - AUDIENCE (C) Lift Not Egress Standard - Room Suitable for PEEP,Highfield Campus
54-7035,40,54,Lectern,Highfield Campus
65-1177,32,65,DVD player,Avenue Campus
65-1177,32,65,Bench PC,Avenue Campus
65-1177,32,65,Movable seats,Avenue Campus
65-1177,32,65,RSC- DISABLED ACCESS - AUDIENCE (A) Ground Floor Room Fully Accessible,Avenue Campus
65-1177,32,65,Network connection for laptops,Avenue Campus
65-1177,32,65,Screen,Avenue Campus
65-1177,32,65,Data/Video projection,Avenue Campus
65-1177,32,65,RSC- DISABLED ACCESS - INSTRUCTOR (A) Ground Floor Room Fully Accessible,Avenue Campus
65-1177,32,65,Whiteboard,Avenue Campus
65-1177,32,65,Lectern,Avenue Campus
46-3001,354,46,RSC- VISUALISER (RECORDABLE),Highfield Campus
46-3001,354,46,DVD player,Highfield Campus
46-3001,354,46,Chalk board,Highfield Campus
46-3001,354,46,Bench PC,Highfield Campus
46-3001,354,46,RSC- DISABLED ACCESS - INSTRUCTOR (C) Lift Not Egress Standard - Room Suitable for PEEP,Highfield Campus
46-3001,354,46,Microphone,Highfield Campus
46-3001,354,46,Network connection for laptops,Highfield Campus
46-3001,354,46,Screen,Highfield Campus
46-3001,354,46,Wireless internet access,Highfield Campus
46-3001,354,46,Data/Video projection,Highfield Campus
46-3001,354,46,Induction loop for hearing aid users,Highfield Campus
46-3001,354,46,RSC- VISUALISER (VIDEO OHP),Highfield Campus
46-3001,354,46,Whiteboard,Highfield Campus
46-3001,354,46,"RSC- DISABLED ACCESS - AUDIENCE (X) Not Egress Standard (No access for wheelchairs, difficult access for semi-ambulates)",Highfield Campus
46-3001,354,46,Lectern,Highfield Campus
46-3001,354,46,Fixed seats - tiered,Highfield Campus
65-1145,30,65,DVD player,Avenue Campus
65-1145,30,65,Bench PC,Avenue Campus
65-1145,30,65,Movable seats,Avenue Campus
65-1145,30,65,RSC- DISABLED ACCESS - AUDIENCE (A) Ground Floor Room Fully Accessible,Avenue Campus
65-1145,30,65,Network connection for laptops,Avenue Campus
65-1145,30,65,Screen,Avenue Campus
65-1145,30,65,Data/Video projection,Avenue Campus
65-1145,30,65,RSC- DISABLED ACCESS - INSTRUCTOR (A) Ground Floor Room Fully Accessible,Avenue Campus
65-1145,30,65,Whiteboard,Avenue Campus
65-1145,30,65,Lectern,Avenue Campus
34-1025,26,34,Bench PC,Highfield Campus
34-1025,26,34,Movable seats,Highfield Campus
34-1025,26,34,Smartboard,Highfield Campus
34-1025,26,34,DVD playback via PC,Highfield Campus
34-1025,26,34,Network connection for laptops,Highfield Campus
34-1025,26,34,Wireless internet access,Highfield Campus
34-1025,26,34,Data/Video projection,Highfield Campus
34-1025,26,34,Whiteboard,Highfield Campus
34-1025,26,34,"RSC- DISABLED ACCESS - AUDIENCE (X) Not Egress Standard (No access for wheelchairs, difficult access for semi-ambulates)",Highfield Campus
34-1025,26,34,"RSC- DISABLED ACCESS - INSTRUCTOR (X) Not Egress Standard (No access for wheelchairs, difficult access for semi-ambulates)",Highfield Campus
4-4053,24,4,Bench PC,Highfield Campus
4-4053,24,4,Movable seats,Highfield Campus
4-4053,24,4,RSC- DISABLED ACCESS - INSTRUCTOR (B) Upper Floor Room Egress Standard Lift & Evac Management Plan,Highfield Campus
4-4053,24,4,Smartboard,Highfield Campus
4-4053,24,4,DVD playback via PC,Highfield Campus
4-4053,24,4,Network connection for laptops,Highfield Campus
4-4053,24,4,Wireless internet access,Highfield Campus
4-4053,24,4,Data/Video projection,Highfield Campus
4-4053,24,4,Whiteboard,Highfield Campus
4-4053,24,4,RSC- DISABLED ACCESS - AUDIENCE (B) Upper Floor Room Egress Standard Lift & Evac Management Plan,Highfield Campus
2-1083,91,2,DVD player,Highfield Campus
2-1083,91,2,Bench PC,Highfield Campus
2-1083,91,2,RSC- DISABLED ACCESS - INSTRUCTOR (C) Lift Not Egress Standard - Room Suitable for PEEP,Highfield Campus
2-1083,91,2,Piano,Highfield Campus
2-1083,91,2,Microphone,Highfield Campus
2-1083,91,2,Network connection for laptops,Highfield Campus
2-1083,91,2,Screen,Highfield Campus
2-1083,91,2,Wireless internet access,Highfield Campus
2-1083,91,2,Data/Video projection,Highfield Campus
2-1083,91,2,Whiteboard (large),Highfield Campus
2-1083,91,2,Induction loop for hearing aid users,Highfield Campus
2-1083,91,2,RSC- VISUALISER (VIDEO OHP),Highfield Campus
2-1083,91,2,Whiteboard,Highfield Campus
2-1083,91,2,RSC- DISABLED ACCESS - AUDIENCE (C) Lift Not Egress Standard - Room Suitable for PEEP,Highfield Campus
2-1083,91,2,"RSC- DISABLED ACCESS - AUDIENCE (X) Not Egress Standard (No access for wheelchairs, difficult access for semi-ambulates)",Highfield Campus
2-1083,91,2,Lectern,Highfield Campus
2-1083,91,2,Fixed seats - tiered,Highfield Campus
65-1163,28,65,DVD player,Avenue Campus
65-1163,28,65,Bench PC,Avenue Campus
65-1163,28,65,Movable seats,Avenue Campus
65-1163,28,65,RSC- DISABLED ACCESS - AUDIENCE (A) Ground Floor Room Fully Accessible,Avenue Campus
65-1163,28,65,Network connection for laptops,Avenue Campus
65-1163,28,65,Screen,Avenue Campus
65-1163,28,65,Data/Video projection,Avenue Campus
65-1163,28,65,RSC- DISABLED ACCESS - INSTRUCTOR (A) Ground Floor Room Fully Accessible,Avenue Campus
65-1163,28,65,Whiteboard,Avenue Campus
65-1163,28,65,Lectern,Avenue Campus
65-1163,28,65,Sympodium (Smartscreen for the PC),Avenue Campus
29-2075,30,29,DVD player,Highfield Campus
29-2075,30,29,Bench PC,Highfield Campus
29-2075,30,29,Movable seats,Highfield Campus
29-2075,30,29,RSC- DISABLED ACCESS - INSTRUCTOR (B) Upper Floor Room Egress Standard Lift & Evac Management Plan,Highfield Campus
29-2075,30,29,Network connection for laptops,Highfield Campus
29-2075,30,29,Screen,Highfield Campus
29-2075,30,29,Wireless internet access,Highfield Campus
29-2075,30,29,Data/Video projection,Highfield Campus
29-2075,30,29,Whiteboard (large),Highfield Campus
29-2075,30,29,Whiteboard,Highfield Campus
29-2075,30,29,RSC- DISABLED ACCESS - AUDIENCE (B) Upper Floor Room Egress Standard Lift & Evac Management Plan,Highfield Campus
34-4013,35,34,DVD player,Highfield Campus
34-4013,35,34,Bench PC,Highfield Campus
34-4013,35,34,Movable seats,Highfield Campus
34-4013,35,34,Smartboard,Highfield Campus
34-4013,35,34,Network connection for laptops,Highfield Campus
34-4013,35,34,Screen,Highfield Campus
34-4013,35,34,Wireless internet access,Highfield Campus
34-4013,35,34,Data/Video projection,Highfield Campus
34-4013,35,34,Whiteboard,Highfield Campus
34-4013,35,34,"RSC- DISABLED ACCESS - AUDIENCE (X) Not Egress Standard (No access for wheelchairs, difficult access for semi-ambulates)",Highfield Campus
34-4013,35,34,"RSC- DISABLED ACCESS - INSTRUCTOR (X) Not Egress Standard (No access for wheelchairs, difficult access for semi-ambulates)",Highfield Campus
6-1083,56,6,DVD player,Highfield Campus
6-1083,56,6,Bench PC,Highfield Campus
6-1083,56,6,Fixed seats - flat,Highfield Campus
6-1083,56,6,Network connection for laptops,Highfield Campus
6-1083,56,6,Screen,Highfield Campus
6-1083,56,6,Wireless internet access,Highfield Campus
6-1083,56,6,Data/Video projection,Highfield Campus
6-1083,56,6,Whiteboard (large),Highfield Campus
6-1083,56,6,RSC- DISABLED ACCESS - INSTRUCTOR (A) Ground Floor Room Fully Accessible,Highfield Campus
6-1083,56,6,Whiteboard,Highfield Campus
6-1083,56,6,"RSC- DISABLED ACCESS - AUDIENCE (X) Not Egress Standard (No access for wheelchairs, difficult access for semi-ambulates)",Highfield Campus
6-1083,56,6,Lectern,Highfield Campus
67-2013,20,67,Bench PC,Highfield Campus
67-2013,20,67,Movable seats,Highfield Campus
67-2013,20,67,RSC- DISABLED ACCESS - INSTRUCTOR (B) Upper Floor Room Egress Standard Lift & Evac Management Plan,Highfield Campus
67-2013,20,67,DVD playback via PC,Highfield Campus
67-2013,20,67,Network connection for laptops,Highfield Campus
67-2013,20,67,Data/Video projection,Highfield Campus
67-2013,20,67,Movable seats - no writing surfaces,Highfield Campus
67-2013,20,67,Whiteboard,Highfield Campus
67-2013,20,67,RSC- DISABLED ACCESS - AUDIENCE (B) Upper Floor Room Egress Standard Lift & Evac Management Plan,Highfield Campus
7-3019,37,7,DVD player,Highfield Campus
7-3019,37,7,Bench PC,Highfield Campus
7-3019,37,7,Fixed seats - flat,Highfield Campus
7-3019,37,7,RSC- DISABLED ACCESS - INSTRUCTOR (B) Upper Floor Room Egress Standard Lift & Evac Management Plan,Highfield Campus
7-3019,37,7,Network connection for laptops,Highfield Campus
7-3019,37,7,Screen,Highfield Campus
7-3019,37,7,Wireless internet access,Highfield Campus
7-3019,37,7,Data/Video projection,Highfield Campus
7-3019,37,7,Whiteboard (large),Highfield Campus
7-3019,37,7,Whiteboard,Highfield Campus
7-3019,37,7,"RSC- DISABLED ACCESS - AUDIENCE (X) Not Egress Standard (No access for wheelchairs, difficult access for semi-ambulates)",Highfield Campus
7-3019,37,7,Lectern,Highfield Campus
7-3019,36,7,DVD player,Highfield Campus
7-3019,36,7,Bench PC,Highfield Campus
7-3019,36,7,Fixed seats - flat,Highfield Campus
7-3019,36,7,RSC- DISABLED ACCESS - INSTRUCTOR (B) Upper Floor Room Egress Standard Lift & Evac Management Plan,Highfield Campus
7-3019,36,7,Network connection for laptops,Highfield Campus
7-3019,36,7,Screen,Highfield Campus
7-3019,36,7,Wireless internet access,Highfield Campus
7-3019,36,7,Data/Video projection,Highfield Campus
7-3019,36,7,Whiteboard (large),Highfield Campus
7-3019,36,7,Whiteboard,Highfield Campus
7-3019,36,7,"RSC- DISABLED ACCESS - AUDIENCE (X) Not Egress Standard (No access for wheelchairs, difficult access for semi-ambulates)",Highfield Campus
7-3019,36,7,Lectern,Highfield Campus
67-1007,69,67,RSC- VISUALISER (RECORDABLE),Highfield Campus
67-1007,69,67,DVD player,Highfield Campus
67-1007,69,67,Bench PC,Highfield Campus
67-1007,69,67,Movable seats,Highfield Campus
67-1007,69,67,RSC- DISABLED ACCESS - AUDIENCE (A) Ground Floor Room Fully Accessible,Highfield Campus
67-1007,69,67,Microphone,Highfield Campus
67-1007,69,67,Network connection for laptops,Highfield Campus
67-1007,69,67,Screen,Highfield Campus
67-1007,69,67,Wireless internet access,Highfield Campus
67-1007,69,67,Data/Video projection,Highfield Campus
67-1007,69,67,Whiteboard (large),Highfield Campus
67-1007,69,67,Induction loop for hearing aid users,Highfield Campus
67-1007,69,67,RSC- VISUALISER (VIDEO OHP),Highfield Campus
67-1007,69,67,RSC- DISABLED ACCESS - INSTRUCTOR (A) Ground Floor Room Fully Accessible,Highfield Campus
67-1007,69,67,Whiteboard,Highfield Campus
67-1007,69,67,Sympodium (Smartscreen for the PC),Highfield Campus
6-1129,41,6,DVD player,Highfield Campus
6-1129,41,6,Bench PC,Highfield Campus
6-1129,41,6,Fixed seats - flat,Highfield Campus
6-1129,41,6,RSC- DISABLED ACCESS - AUDIENCE (A) Ground Floor Room Fully Accessible,Highfield Campus
6-1129,41,6,Network connection for laptops,Highfield Campus
6-1129,41,6,Screen,Highfield Campus
6-1129,41,6,Data/Video projection,Highfield Campus
6-1129,41,6,Whiteboard (large),Highfield Campus
6-1129,41,6,RSC- DISABLED ACCESS - INSTRUCTOR (A) Ground Floor Room Fully Accessible,Highfield Campus
6-1129,41,6,Whiteboard,Highfield Campus
6-1129,41,6,Lectern,Highfield Campus
44-3029,18,44,DVD player,Highfield Campus
44-3029,18,44,Bench PC,Highfield Campus
44-3029,18,44,Movable seats,Highfield Campus
44-3029,18,44,Network connection for laptops,Highfield Campus
44-3029,18,44,Data/Video projection,Highfield Campus
7-3009,227,7,RSC- VISUALISER (RECORDABLE),Highfield Campus
7-3009,227,7,DVD player,Highfield Campus
7-3009,227,7,Bench PC,Highfield Campus
7-3009,227,7,RSC- DISABLED ACCESS - INSTRUCTOR (B) Upper Floor Room Egress Standard Lift & Evac Management Plan,Highfield Campus
7-3009,227,7,Microphone,Highfield Campus
7-3009,227,7,Network connection for laptops,Highfield Campus
7-3009,227,7,Screen,Highfield Campus
7-3009,227,7,Wireless internet access,Highfield Campus
7-3009,227,7,Data/Video projection,Highfield Campus
7-3009,227,7,Whiteboard (large),Highfield Campus
7-3009,227,7,Induction loop for hearing aid users,Highfield Campus
7-3009,227,7,RSC- VISUALISER (VIDEO OHP),Highfield Campus
7-3009,227,7,Whiteboard,Highfield Campus
7-3009,227,7,"RSC- DISABLED ACCESS - AUDIENCE (X) Not Egress Standard (No access for wheelchairs, difficult access for semi-ambulates)",Highfield Campus
7-3009,227,7,Fixed seats - tiered,Highfield Campus
54-5025,97,54,DVD player,Highfield Campus
54-5025,97,54,Chalk board,Highfield Campus
54-5025,97,54,Bench PC,Highfield Campus
54-5025,97,54,Fixed seats - flat,Highfield Campus
54-5025,97,54,Network connection for laptops,Highfield Campus
54-5025,97,54,Screen,Highfield Campus
54-5025,97,54,Data/Video projection,Highfield Campus
54-5025,97,54,"RSC- DISABLED ACCESS - AUDIENCE (X) Not Egress Standard (No access for wheelchairs, difficult access for semi-ambulates)",Highfield Campus
54-5025,97,54,Lectern,Highfield Campus
54-5025,97,54,"RSC- DISABLED ACCESS - INSTRUCTOR (X) Not Egress Standard (No access for wheelchairs, difficult access for semi-ambulates)",Highfield Campus
7-3021,37,7,DVD player,Highfield Campus
7-3021,37,7,Bench PC,Highfield Campus
7-3021,37,7,Fixed seats - flat,Highfield Campus
7-3021,37,7,RSC- DISABLED ACCESS - INSTRUCTOR (B) Upper Floor Room Egress Standard Lift & Evac Management Plan,Highfield Campus
7-3021,37,7,Network connection for laptops,Highfield Campus
7-3021,37,7,Screen,Highfield Campus
7-3021,37,7,Wireless internet access,Highfield Campus
7-3021,37,7,Data/Video projection,Highfield Campus
7-3021,37,7,Whiteboard (large),Highfield Campus
7-3021,37,7,Whiteboard,Highfield Campus
7-3021,37,7,"RSC- DISABLED ACCESS - AUDIENCE (X) Not Egress Standard (No access for wheelchairs, difficult access for semi-ambulates)",Highfield Campus
7-3021,37,7,Lectern,Highfield Campus
7-3021,36,7,DVD player,Highfield Campus
7-3021,36,7,Bench PC,Highfield Campus
7-3021,36,7,Fixed seats - flat,Highfield Campus
7-3021,36,7,RSC- DISABLED ACCESS - INSTRUCTOR (B) Upper Floor Room Egress Standard Lift & Evac Management Plan,Highfield Campus
7-3021,36,7,Network connection for laptops,Highfield Campus
7-3021,36,7,Screen,Highfield Campus
7-3021,36,7,Wireless internet access,Highfield Campus
7-3021,36,7,Data/Video projection,Highfield Campus
7-3021,36,7,Whiteboard (large),Highfield Campus
7-3021,36,7,Whiteboard,Highfield Campus
7-3021,36,7,"RSC- DISABLED ACCESS - AUDIENCE (X) Not Egress Standard (No access for wheelchairs, difficult access for semi-ambulates)",Highfield Campus
7-3021,36,7,Lectern,Highfield Campus
65-1201,143,65,DVD player,Avenue Campus
65-1201,143,65,Bench PC,Avenue Campus
65-1201,143,65,RSC- DISABLED ACCESS - AUDIENCE (A) Ground Floor Room Fully Accessible,Avenue Campus
65-1201,143,65,Microphone,Avenue Campus
65-1201,143,65,Network connection for laptops,Avenue Campus
65-1201,143,65,Screen,Avenue Campus
65-1201,143,65,Data/Video projection,Avenue Campus
65-1201,143,65,RSC- FILM PROJECTOR,Avenue Campus
65-1201,143,65,Induction loop for hearing aid users,Avenue Campus
65-1201,143,65,RSC- VISUALISER (VIDEO OHP),Avenue Campus
65-1201,143,65,RSC- DISABLED ACCESS - INSTRUCTOR (A) Ground Floor Room Fully Accessible,Avenue Campus
65-1201,143,65,Whiteboard,Avenue Campus
65-1201,143,65,Lectern,Avenue Campus
65-1201,143,65,Sympodium (Smartscreen for the PC),Avenue Campus
65-1201,143,65,Fixed seats - tiered,Avenue Campus
34-5001,25,34,DVD player,Highfield Campus
34-5001,25,34,Bench PC,Highfield Campus
34-5001,25,34,Movable seats,Highfield Campus
34-5001,25,34,Smartboard,Highfield Campus
34-5001,25,34,Network connection for laptops,Highfield Campus
34-5001,25,34,Screen,Highfield Campus
34-5001,25,34,Wireless internet access,Highfield Campus
34-5001,25,34,Data/Video projection,Highfield Campus
34-5001,25,34,Whiteboard,Highfield Campus
34-5001,25,34,"RSC- DISABLED ACCESS - AUDIENCE (X) Not Egress Standard (No access for wheelchairs, difficult access for semi-ambulates)",Highfield Campus
34-5001,25,34,"RSC- DISABLED ACCESS - INSTRUCTOR (X) Not Egress Standard (No access for wheelchairs, difficult access for semi-ambulates)",Highfield Campus
85-2213,24,85,DVD player,Highfield Campus
85-2213,24,85,Bench PC,Highfield Campus
85-2213,24,85,Movable seats,Highfield Campus
85-2213,24,85,RSC- DISABLED ACCESS - AUDIENCE (A) Ground Floor Room Fully Accessible,Highfield Campus
85-2213,24,85,Network connection for laptops,Highfield Campus
85-2213,24,85,Data/Video projection,Highfield Campus
85-2213,24,85,RSC- DISABLED ACCESS - INSTRUCTOR (A) Ground Floor Room Fully Accessible,Highfield Campus
85-2213,24,85,Whiteboard,Highfield Campus
35-1001,131,35,DVD player,Highfield Campus
35-1001,131,35,Bench PC,Highfield Campus
35-1001,131,35,Microphone,Highfield Campus
35-1001,131,35,Network connection for laptops,Highfield Campus
35-1001,131,35,Screen,Highfield Campus
35-1001,131,35,Wireless internet access,Highfield Campus
35-1001,131,35,Data/Video projection,Highfield Campus
35-1001,131,35,Whiteboard (large),Highfield Campus
35-1001,131,35,RSC- VISUALISER (VIDEO OHP),Highfield Campus
35-1001,131,35,Whiteboard,Highfield Campus
35-1001,131,35,"RSC- DISABLED ACCESS - AUDIENCE (X) Not Egress Standard (No access for wheelchairs, difficult access for semi-ambulates)",Highfield Campus
35-1001,131,35,"RSC- DISABLED ACCESS - INSTRUCTOR (X) Not Egress Standard (No access for wheelchairs, difficult access for semi-ambulates)",Highfield Campus
35-1001,131,35,Fixed seats - tiered,Highfield Campus
4-1031,16,4,Bench PC,Highfield Campus
4-1031,16,4,Movable seats,Highfield Campus
4-1031,16,4,RSC- DISABLED ACCESS - AUDIENCE (A) Ground Floor Room Fully Accessible,Highfield Campus
4-1031,16,4,Smartboard,Highfield Campus
4-1031,16,4,DVD playback via PC,Highfield Campus
4-1031,16,4,Network connection for laptops,Highfield Campus
4-1031,16,4,Wireless internet access,Highfield Campus
4-1031,16,4,Data/Video projection,Highfield Campus
4-1031,16,4,RSC- VISUALISER (VIDEO OHP),Highfield Campus
4-1031,16,4,RSC- DISABLED ACCESS - INSTRUCTOR (A) Ground Floor Room Fully Accessible,Highfield Campus
4-1031,16,4,Whiteboard,Highfield Campus
34-4001,9,34,Bench PC,Highfield Campus
34-4001,9,34,DVD playback via PC,Highfield Campus
34-4001,9,34,Network connection for laptops,Highfield Campus
34-4001,9,34,Wireless internet access,Highfield Campus
34-4001,9,34,Data/Video projection,Highfield Campus
34-4001,9,34,Movable seats - no writing surfaces,Highfield Campus
34-4001,9,34,Whiteboard,Highfield Campus
34-4001,9,34,"RSC- DISABLED ACCESS - AUDIENCE (X) Not Egress Standard (No access for wheelchairs, difficult access for semi-ambulates)",Highfield Campus
34-4001,9,34,"RSC- DISABLED ACCESS - INSTRUCTOR (X) Not Egress Standard (No access for wheelchairs, difficult access for semi-ambulates)",Highfield Campus
2-2043,40,2,DVD player,Highfield Campus
2-2043,40,2,Bench PC,Highfield Campus
2-2043,40,2,Movable seats,Highfield Campus
2-2043,40,2,RSC- DISABLED ACCESS - AUDIENCE (A) Ground Floor Room Fully Accessible,Highfield Campus
2-2043,40,2,Network connection for laptops,Highfield Campus
2-2043,40,2,Screen,Highfield Campus
2-2043,40,2,Wireless internet access,Highfield Campus
2-2043,40,2,Data/Video projection,Highfield Campus
2-2043,40,2,RSC- DISABLED ACCESS - INSTRUCTOR (A) Ground Floor Room Fully Accessible,Highfield Campus
2-2043,40,2,Whiteboard,Highfield Campus
2-2043,40,2,Lectern,Highfield Campus
59-1257,40,59,DVD player,Highfield Campus
59-1257,40,59,Bench PC,Highfield Campus
59-1257,40,59,Movable seats,Highfield Campus
59-1257,40,59,RSC- DISABLED ACCESS - AUDIENCE (A) Ground Floor Room Fully Accessible,Highfield Campus
59-1257,40,59,Microphone,Highfield Campus
59-1257,40,59,Network connection for laptops,Highfield Campus
59-1257,40,59,Data/Video projection,Highfield Campus
59-1257,40,59,Whiteboard (large),Highfield Campus
59-1257,40,59,Induction loop for hearing aid users,Highfield Campus
59-1257,40,59,RSC- DISABLED ACCESS - INSTRUCTOR (A) Ground Floor Room Fully Accessible,Highfield Campus
59-1257,40,59,Whiteboard,Highfield Campus
67-1015,20,67,Bench PC,Highfield Campus
67-1015,20,67,Movable seats,Highfield Campus
67-1015,20,67,RSC- DISABLED ACCESS - AUDIENCE (A) Ground Floor Room Fully Accessible,Highfield Campus
67-1015,20,67,DVD playback via PC,Highfield Campus
67-1015,20,67,Network connection for laptops,Highfield Campus
67-1015,20,67,Wireless internet access,Highfield Campus
67-1015,20,67,Data/Video projection,Highfield Campus
67-1015,20,67,RSC- DISABLED ACCESS - INSTRUCTOR (A) Ground Floor Room Fully Accessible,Highfield Campus
67-1015,20,67,Whiteboard,Highfield Campus
65-2117,24,65,DVD player,Avenue Campus
65-2117,24,65,Bench PC,Avenue Campus
65-2117,24,65,RSC- DISABLED ACCESS - INSTRUCTOR (C) Lift Not Egress Standard - Room Suitable for PEEP,Avenue Campus
65-2117,24,65,Movable seats,Avenue Campus
65-2117,24,65,Network connection for laptops,Avenue Campus
65-2117,24,65,Screen,Avenue Campus
65-2117,24,65,Data/Video projection,Avenue Campus
65-2117,24,65,Whiteboard,Avenue Campus
65-2117,24,65,RSC- DISABLED ACCESS - AUDIENCE (C) Lift Not Egress Standard - Room Suitable for PEEP,Avenue Campus
65-2117,24,65,Lectern,Avenue Campus
65-2117,24,65,Sympodium (Smartscreen for the PC),Avenue Campus
45-2040,65,45,DVD player,Highfield Campus
45-2040,65,45,Bench PC,Highfield Campus
45-2040,65,45,Movable seats,Highfield Campus
45-2040,65,45,RSC- DISABLED ACCESS - INSTRUCTOR (B) Upper Floor Room Egress Standard Lift & Evac Management Plan,Highfield Campus
45-2040,65,45,Microphone,Highfield Campus
45-2040,65,45,Network connection for laptops,Highfield Campus
45-2040,65,45,Screen,Highfield Campus
45-2040,65,45,Data/Video projection,Highfield Campus
45-2040,65,45,Induction loop for hearing aid users,Highfield Campus
45-2040,65,45,Whiteboard,Highfield Campus
45-2040,65,45,Lectern,Highfield Campus
45-2040,65,45,RSC- DISABLED ACCESS - AUDIENCE (B) Upper Floor Room Egress Standard Lift & Evac Management Plan,Highfield Campus
27-2001,89,27,RSC- VISUALISER (RECORDABLE),Highfield Campus
27-2001,89,27,DVD player,Highfield Campus
27-2001,89,27,Bench PC,Highfield Campus
27-2001,89,27,RSC- DISABLED ACCESS - INSTRUCTOR (C) Lift Not Egress Standard - Room Suitable for PEEP,Highfield Campus
27-2001,89,27,Microphone,Highfield Campus
27-2001,89,27,Network connection for laptops,Highfield Campus
27-2001,89,27,Screen,Highfield Campus
27-2001,89,27,Wireless internet access,Highfield Campus
27-2001,89,27,Data/Video projection,Highfield Campus
27-2001,89,27,Whiteboard (large),Highfield Campus
27-2001,89,27,RSC- VISUALISER (VIDEO OHP),Highfield Campus
27-2001,89,27,Whiteboard,Highfield Campus
27-2001,89,27,"RSC- DISABLED ACCESS - AUDIENCE (X) Not Egress Standard (No access for wheelchairs, difficult access for semi-ambulates)",Highfield Campus
27-2001,89,27,Fixed seats - tiered,Highfield Campus
65-1133,208,65,DVD player,Avenue Campus
65-1133,208,65,Bench PC,Avenue Campus
65-1133,208,65,RSC- DISABLED ACCESS - AUDIENCE (A) Ground Floor Room Fully Accessible,Avenue Campus
65-1133,208,65,Microphone,Avenue Campus
65-1133,208,65,Network connection for laptops,Avenue Campus
65-1133,208,65,Screen,Avenue Campus
65-1133,208,65,Data/Video projection,Avenue Campus
65-1133,208,65,RSC- FILM PROJECTOR,Avenue Campus
65-1133,208,65,Induction loop for hearing aid users,Avenue Campus
65-1133,208,65,RSC- VISUALISER (VIDEO OHP),Avenue Campus
65-1133,208,65,RSC- DISABLED ACCESS - INSTRUCTOR (A) Ground Floor Room Fully Accessible,Avenue Campus
65-1133,208,65,Lectern,Avenue Campus
65-1133,208,65,Sympodium (Smartscreen for the PC),Avenue Campus
65-1133,208,65,Fixed seats - tiered,Avenue Campus
58-1053,45,58,Mixed Recycling Bin,Highfield Campus
67-2017,20,67,Bench PC,Highfield Campus
67-2017,20,67,Movable seats,Highfield Campus
67-2017,20,67,RSC- DISABLED ACCESS - INSTRUCTOR (B) Upper Floor Room Egress Standard Lift & Evac Management Plan,Highfield Campus
67-2017,20,67,DVD playback via PC,Highfield Campus
67-2017,20,67,Network connection for laptops,Highfield Campus
67-2017,20,67,Data/Video projection,Highfield Campus
67-2017,20,67,Movable seats - no writing surfaces,Highfield Campus
67-2017,20,67,Whiteboard,Highfield Campus
67-2017,20,67,RSC- DISABLED ACCESS - AUDIENCE (B) Upper Floor Room Egress Standard Lift & Evac Management Plan,Highfield Campus
16-2025,36,16,DVD player,Highfield Campus
16-2025,36,16,Bench PC,Highfield Campus
16-2025,36,16,Movable seats,Highfield Campus
16-2025,36,16,Network connection for laptops,Highfield Campus
16-2025,36,16,Screen,Highfield Campus
16-2025,36,16,Wireless internet access,Highfield Campus
16-2025,36,16,Data/Video projection,Highfield Campus
16-2025,36,16,Whiteboard (large),Highfield Campus
16-2025,36,16,Whiteboard,Highfield Campus
16-2025,36,16,"RSC- DISABLED ACCESS - AUDIENCE (X) Not Egress Standard (No access for wheelchairs, difficult access for semi-ambulates)",Highfield Campus
16-2025,36,16,"RSC- DISABLED ACCESS - INSTRUCTOR (X) Not Egress Standard (No access for wheelchairs, difficult access for semi-ambulates)",Highfield Campus
54-8031,40,54,DVD player,Highfield Campus
54-8031,40,54,Chalk board,Highfield Campus
54-8031,40,54,Bench PC,Highfield Campus
54-8031,40,54,RSC- DISABLED ACCESS - INSTRUCTOR (C) Lift Not Egress Standard - Room Suitable for PEEP,Highfield Campus
54-8031,40,54,Movable seats,Highfield Campus
54-8031,40,54,Network connection for laptops,Highfield Campus
54-8031,40,54,Screen,Highfield Campus
54-8031,40,54,Data/Video projection,Highfield Campus
54-8031,40,54,RSC- DISABLED ACCESS - AUDIENCE (C) Lift Not Egress Standard - Room Suitable for PEEP,Highfield Campus
54-8031,40,54,Lectern,Highfield Campus
45-1016,17,45,Paper Recycling Bin,Highfield Campus
54-8033,40,54,DVD player,Highfield Campus
54-8033,40,54,Chalk board,Highfield Campus
54-8033,40,54,Bench PC,Highfield Campus
54-8033,40,54,RSC- DISABLED ACCESS - INSTRUCTOR (C) Lift Not Egress Standard - Room Suitable for PEEP,Highfield Campus
54-8033,40,54,Movable seats,Highfield Campus
54-8033,40,54,Network connection for laptops,Highfield Campus
54-8033,40,54,Screen,Highfield Campus
54-8033,40,54,Data/Video projection,Highfield Campus
54-8033,40,54,RSC- DISABLED ACCESS - AUDIENCE (C) Lift Not Egress Standard - Room Suitable for PEEP,Highfield Campus
54-8033,40,54,Lectern,Highfield Campus
27-2003,62,27,RSC- VISUALISER (RECORDABLE),Highfield Campus
27-2003,62,27,DVD player,Highfield Campus
27-2003,62,27,Bench PC,Highfield Campus
27-2003,62,27,RSC- DISABLED ACCESS - INSTRUCTOR (C) Lift Not Egress Standard - Room Suitable for PEEP,Highfield Campus
27-2003,62,27,Microphone,Highfield Campus
27-2003,62,27,Network connection for laptops,Highfield Campus
27-2003,62,27,Screen,Highfield Campus
27-2003,62,27,Wireless internet access,Highfield Campus
27-2003,62,27,Data/Video projection,Highfield Campus
27-2003,62,27,Whiteboard (large),Highfield Campus
27-2003,62,27,RSC- VISUALISER (VIDEO OHP),Highfield Campus
27-2003,62,27,Whiteboard,Highfield Campus
27-2003,62,27,"RSC- DISABLED ACCESS - AUDIENCE (X) Not Egress Standard (No access for wheelchairs, difficult access for semi-ambulates)",Highfield Campus
27-2003,62,27,Fixed seats - tiered,Highfield Campus
4-4051,18,4,Bench PC,Highfield Campus
4-4051,18,4,Movable seats,Highfield Campus
4-4051,18,4,RSC- DISABLED ACCESS - INSTRUCTOR (B) Upper Floor Room Egress Standard Lift & Evac Management Plan,Highfield Campus
4-4051,18,4,Smartboard,Highfield Campus
4-4051,18,4,DVD playback via PC,Highfield Campus
4-4051,18,4,Network connection for laptops,Highfield Campus
4-4051,18,4,Wireless internet access,Highfield Campus
4-4051,18,4,Data/Video projection,Highfield Campus
4-4051,18,4,Whiteboard,Highfield Campus
4-4051,18,4,RSC- DISABLED ACCESS - AUDIENCE (B) Upper Floor Room Egress Standard Lift & Evac Management Plan,Highfield Campus
5-2011,49,5,DVD player,Highfield Campus
5-2011,49,5,Bench PC,Highfield Campus
5-2011,49,5,Network connection for laptops,Highfield Campus
5-2011,49,5,Screen,Highfield Campus
5-2011,49,5,Wireless internet access,Highfield Campus
5-2011,49,5,Data/Video projection,Highfield Campus
5-2011,49,5,Whiteboard (large),Highfield Campus
5-2011,49,5,RSC- DISABLED ACCESS - INSTRUCTOR (A) Ground Floor Room Fully Accessible,Highfield Campus
5-2011,49,5,Whiteboard,Highfield Campus
5-2011,49,5,"RSC- DISABLED ACCESS - AUDIENCE (X) Not Egress Standard (No access for wheelchairs, difficult access for semi-ambulates)",Highfield Campus
5-2011,49,5,Lectern,Highfield Campus
5-2011,49,5,Fixed seats - tiered,Highfield Campus
2-1089,130,2,DVD player,Highfield Campus
2-1089,130,2,Bench PC,Highfield Campus
2-1089,130,2,Microphone,Highfield Campus
2-1089,130,2,Network connection for laptops,Highfield Campus
2-1089,130,2,Screen,Highfield Campus
2-1089,130,2,Wireless internet access,Highfield Campus
2-1089,130,2,Data/Video projection,Highfield Campus
2-1089,130,2,Whiteboard (large),Highfield Campus
2-1089,130,2,Induction loop for hearing aid users,Highfield Campus
2-1089,130,2,RSC- VISUALISER (VIDEO OHP),Highfield Campus
2-1089,130,2,Whiteboard,Highfield Campus
2-1089,130,2,"RSC- DISABLED ACCESS - AUDIENCE (X) Not Egress Standard (No access for wheelchairs, difficult access for semi-ambulates)",Highfield Campus
2-1089,130,2,Lectern,Highfield Campus
2-1089,130,2,"RSC- DISABLED ACCESS - INSTRUCTOR (X) Not Egress Standard (No access for wheelchairs, difficult access for semi-ambulates)",Highfield Campus
2-1089,130,2,Fixed seats - tiered,Highfield Campus
58-1007,80,58,DVD player,Highfield Campus
58-1007,80,58,Bench PC,Highfield Campus
58-1007,80,58,Fixed seats - flat,Highfield Campus
58-1007,80,58,Network connection for laptops,Highfield Campus
58-1007,80,58,Screen,Highfield Campus
58-1007,80,58,Wireless internet access,Highfield Campus
58-1007,80,58,Data/Video projection,Highfield Campus
58-1007,80,58,Whiteboard (large),Highfield Campus
58-1007,80,58,RSC- DISABLED ACCESS - INSTRUCTOR (A) Ground Floor Room Fully Accessible,Highfield Campus
58-1007,80,58,Whiteboard,Highfield Campus
58-1007,80,58,"RSC- DISABLED ACCESS - AUDIENCE (X) Not Egress Standard (No access for wheelchairs, difficult access for semi-ambulates)",Highfield Campus
58-1007,80,58,Lectern,Highfield Campus
6-1081,55,6,DVD player,Highfield Campus
6-1081,55,6,Bench PC,Highfield Campus
6-1081,55,6,Fixed seats - flat,Highfield Campus
6-1081,55,6,Network connection for laptops,Highfield Campus
6-1081,55,6,Screen,Highfield Campus
6-1081,55,6,Wireless internet access,Highfield Campus
6-1081,55,6,Data/Video projection,Highfield Campus
6-1081,55,6,Whiteboard (large),Highfield Campus
6-1081,55,6,RSC- DISABLED ACCESS - INSTRUCTOR (A) Ground Floor Room Fully Accessible,Highfield Campus
6-1081,55,6,Whiteboard,Highfield Campus
6-1081,55,6,"RSC- DISABLED ACCESS - AUDIENCE (X) Not Egress Standard (No access for wheelchairs, difficult access for semi-ambulates)",Highfield Campus
6-1081,55,6,Lectern,Highfield Campus
54-4011,213,54,RSC- VISUALISER (RECORDABLE),Highfield Campus
54-4011,213,54,DVD player,Highfield Campus
54-4011,213,54,Chalk board,Highfield Campus
54-4011,213,54,Bench PC,Highfield Campus
54-4011,213,54,RSC- DISABLED ACCESS - INSTRUCTOR (B) Upper Floor Room Egress Standard Lift & Evac Management Plan,Highfield Campus
54-4011,213,54,Microphone,Highfield Campus
54-4011,213,54,Network connection for laptops,Highfield Campus
54-4011,213,54,Screen,Highfield Campus
54-4011,213,54,Wireless internet access,Highfield Campus
54-4011,213,54,Data/Video projection,Highfield Campus
54-4011,213,54,RSC- VISUALISER (VIDEO OHP),Highfield Campus
54-4011,213,54,RSC- DISABLED ACCESS - AUDIENCE (B) Upper Floor Room Egress Standard Lift & Evac Management Plan,Highfield Campus
54-4011,213,54,Fixed seats - tiered,Highfield Campus
2-1039,110,2,DVD player,Highfield Campus
2-1039,110,2,Bench PC,Highfield Campus
2-1039,110,2,Microphone,Highfield Campus
2-1039,110,2,Network connection for laptops,Highfield Campus
2-1039,110,2,Screen,Highfield Campus
2-1039,110,2,Wireless internet access,Highfield Campus
2-1039,110,2,Data/Video projection,Highfield Campus
2-1039,110,2,Whiteboard (large),Highfield Campus
2-1039,110,2,Induction loop for hearing aid users,Highfield Campus
2-1039,110,2,RSC- VISUALISER (VIDEO OHP),Highfield Campus
2-1039,110,2,Whiteboard,Highfield Campus
2-1039,110,2,"RSC- DISABLED ACCESS - AUDIENCE (X) Not Egress Standard (No access for wheelchairs, difficult access for semi-ambulates)",Highfield Campus
2-1039,110,2,Lectern,Highfield Campus
2-1039,110,2,"RSC- DISABLED ACCESS - INSTRUCTOR (X) Not Egress Standard (No access for wheelchairs, difficult access for semi-ambulates)",Highfield Campus
2-1039,110,2,Fixed seats - tiered,Highfield Campus
67-2019,20,67,Bench PC,Highfield Campus
67-2019,20,67,Movable seats,Highfield Campus
67-2019,20,67,RSC- DISABLED ACCESS - INSTRUCTOR (B) Upper Floor Room Egress Standard Lift & Evac Management Plan,Highfield Campus
67-2019,20,67,DVD playback via PC,Highfield Campus
67-2019,20,67,Network connection for laptops,Highfield Campus
67-2019,20,67,Data/Video projection,Highfield Campus
67-2019,20,67,Movable seats - no writing surfaces,Highfield Campus
67-2019,20,67,Whiteboard,Highfield Campus
67-2019,20,67,RSC- DISABLED ACCESS - AUDIENCE (B) Upper Floor Room Egress Standard Lift & Evac Management Plan,Highfield Campus
58-1001,21,58,Bench PC,Highfield Campus
58-1001,21,58,Fixed seats - flat,Highfield Campus
58-1001,21,58,RSC- DISABLED ACCESS - AUDIENCE (A) Ground Floor Room Fully Accessible,Highfield Campus
58-1001,21,58,Smartboard,Highfield Campus
58-1001,21,58,DVD playback via PC,Highfield Campus
58-1001,21,58,Network connection for laptops,Highfield Campus
58-1001,21,58,Screen,Highfield Campus
58-1001,21,58,Wireless internet access,Highfield Campus
58-1001,21,58,Data/Video projection,Highfield Campus
58-1001,21,58,RSC- DISABLED ACCESS - INSTRUCTOR (A) Ground Floor Room Fully Accessible,Highfield Campus
58-1001,21,58,Whiteboard,Highfield Campus
58-1003,30,58,DVD player,Highfield Campus
58-1003,30,58,Bench PC,Highfield Campus
58-1003,30,58,Fixed seats - flat,Highfield Campus
58-1003,30,58,Network connection for laptops,Highfield Campus
58-1003,30,58,Screen,Highfield Campus
58-1003,30,58,Wireless internet access,Highfield Campus
58-1003,30,58,Data/Video projection,Highfield Campus
58-1003,30,58,Whiteboard (large),Highfield Campus
58-1003,30,58,RSC- DISABLED ACCESS - INSTRUCTOR (A) Ground Floor Room Fully Accessible,Highfield Campus
58-1003,30,58,Whiteboard,Highfield Campus
58-1003,30,58,"RSC- DISABLED ACCESS - AUDIENCE (X) Not Egress Standard (No access for wheelchairs, difficult access for semi-ambulates)",Highfield Campus
58-1003,30,58,Lectern,Highfield Campus
35-1005,100,35,DVD player,Highfield Campus
35-1005,100,35,Bench PC,Highfield Campus
35-1005,100,35,Microphone,Highfield Campus
35-1005,100,35,Network connection for laptops,Highfield Campus
35-1005,100,35,Screen,Highfield Campus
35-1005,100,35,Wireless internet access,Highfield Campus
35-1005,100,35,Data/Video projection,Highfield Campus
35-1005,100,35,Whiteboard (large),Highfield Campus
35-1005,100,35,RSC- VISUALISER (VIDEO OHP),Highfield Campus
35-1005,100,35,Whiteboard,Highfield Campus
35-1005,100,35,"RSC- DISABLED ACCESS - AUDIENCE (X) Not Egress Standard (No access for wheelchairs, difficult access for semi-ambulates)",Highfield Campus
35-1005,100,35,"RSC- DISABLED ACCESS - INSTRUCTOR (X) Not Egress Standard (No access for wheelchairs, difficult access for semi-ambulates)",Highfield Campus
35-1005,100,35,Fixed seats - tiered,Highfield Campus
58-1009,80,58,DVD player,Highfield Campus
58-1009,80,58,Bench PC,Highfield Campus
58-1009,80,58,Fixed seats - flat,Highfield Campus
58-1009,80,58,Network connection for laptops,Highfield Campus
58-1009,80,58,Screen,Highfield Campus
58-1009,80,58,Wireless internet access,Highfield Campus
58-1009,80,58,Data/Video projection,Highfield Campus
58-1009,80,58,Whiteboard (large),Highfield Campus
58-1009,80,58,RSC- DISABLED ACCESS - INSTRUCTOR (A) Ground Floor Room Fully Accessible,Highfield Campus
58-1009,80,58,Whiteboard,Highfield Campus
58-1009,80,58,"RSC- DISABLED ACCESS - AUDIENCE (X) Not Egress Standard (No access for wheelchairs, difficult access for semi-ambulates)",Highfield Campus
58-1009,80,58,Lectern,Highfield Campus
54-10031,32,54,DVD player,Highfield Campus
54-10031,32,54,Chalk board,Highfield Campus
54-10031,32,54,Bench PC,Highfield Campus
54-10031,32,54,RSC- DISABLED ACCESS - INSTRUCTOR (C) Lift Not Egress Standard - Room Suitable for PEEP,Highfield Campus
54-10031,32,54,Movable seats,Highfield Campus
54-10031,32,54,Network connection for laptops,Highfield Campus
54-10031,32,54,Screen,Highfield Campus
54-10031,32,54,Data/Video projection,Highfield Campus
54-10031,32,54,Whiteboard (large),Highfield Campus
54-10031,32,54,RSC- DISABLED ACCESS - AUDIENCE (C) Lift Not Egress Standard - Room Suitable for PEEP,Highfield Campus
54-10031,32,54,Lectern,Highfield Campus
32-1015,426,32,RSC- VISUALISER (RECORDABLE),Highfield Campus
32-1015,426,32,DVD player,Highfield Campus
32-1015,426,32,Bench PC,Highfield Campus
32-1015,426,32,Video conferencing,Highfield Campus
32-1015,426,32,RSC- DISABLED ACCESS - INSTRUCTOR (B) Upper Floor Room Egress Standard Lift & Evac Management Plan,Highfield Campus
32-1015,426,32,RSC- DISABLED ACCESS - AUDIENCE (A) Ground Floor Room Fully Accessible,Highfield Campus
32-1015,426,32,Microphone,Highfield Campus
32-1015,426,32,Network connection for laptops,Highfield Campus
32-1015,426,32,Wireless internet access,Highfield Campus
32-1015,426,32,Data/Video projection,Highfield Campus
32-1015,426,32,Induction loop for hearing aid users,Highfield Campus
32-1015,426,32,RSC- VISUALISER (VIDEO OHP),Highfield Campus
32-1015,426,32,Whiteboard,Highfield Campus
32-1015,426,32,RSC- DISABLED ACCESS - AUDIENCE (B) Upper Floor Room Egress Standard Lift & Evac Management Plan,Highfield Campus
32-1015,426,32,Fixed seats - tiered,Highfield Campus
27-1133,32,27,DVD player,Highfield Campus
27-1133,32,27,Bench PC,Highfield Campus
27-1133,32,27,Movable seats,Highfield Campus
27-1133,32,27,RSC- DISABLED ACCESS - AUDIENCE (A) Ground Floor Room Fully Accessible,Highfield Campus
27-1133,32,27,Network connection for laptops,Highfield Campus
27-1133,32,27,Screen,Highfield Campus
27-1133,32,27,Wireless internet access,Highfield Campus
27-1133,32,27,Data/Video projection,Highfield Campus
27-1133,32,27,Whiteboard (large),Highfield Campus
27-1133,32,27,Induction loop for hearing aid users,Highfield Campus
27-1133,32,27,RSC- VISUALISER (VIDEO OHP),Highfield Campus
27-1133,32,27,RSC- DISABLED ACCESS - INSTRUCTOR (A) Ground Floor Room Fully Accessible,Highfield Campus
27-1133,32,27,Whiteboard,Highfield Campus
67-1027,275,67,DVD player,Highfield Campus
67-1027,275,67,Bench PC,Highfield Campus
67-1027,275,67,Video conferencing,Highfield Campus
67-1027,275,67,RSC- DISABLED ACCESS - AUDIENCE (A) Ground Floor Room Fully Accessible,Highfield Campus
67-1027,275,67,Microphone,Highfield Campus
67-1027,275,67,Network connection for laptops,Highfield Campus
67-1027,275,67,Screen,Highfield Campus
67-1027,275,67,Wireless internet access,Highfield Campus
67-1027,275,67,Data/Video projection,Highfield Campus
67-1027,275,67,Whiteboard (large),Highfield Campus
67-1027,275,67,Induction loop for hearing aid users,Highfield Campus
67-1027,275,67,RSC- VISUALISER (VIDEO OHP),Highfield Campus
67-1027,275,67,RSC- DISABLED ACCESS - INSTRUCTOR (A) Ground Floor Room Fully Accessible,Highfield Campus
67-1027,275,67,Whiteboard,Highfield Campus
67-1027,275,67,Lectern,Highfield Campus
67-1027,275,67,Fixed seats - tiered,Highfield Campus
85-2209,32,85,DVD player,Highfield Campus
85-2209,32,85,Bench PC,Highfield Campus
85-2209,32,85,Movable seats,Highfield Campus
85-2209,32,85,RSC- DISABLED ACCESS - AUDIENCE (A) Ground Floor Room Fully Accessible,Highfield Campus
85-2209,32,85,Smartboard,Highfield Campus
85-2209,32,85,Network connection for laptops,Highfield Campus
85-2209,32,85,Data/Video projection,Highfield Campus
85-2209,32,85,RSC- DISABLED ACCESS - INSTRUCTOR (A) Ground Floor Room Fully Accessible,Highfield Campus
85-2209,32,85,Whiteboard,Highfield Campus
58-1049,26,58,Mixed Recycling Bin,Highfield Campus
58-1049,26,58,Wireless internet access,Highfield Campus
58-1041,22,58,Bench PC,Highfield Campus
58-1041,22,58,Movable seats,Highfield Campus
58-1041,22,58,RSC- DISABLED ACCESS - AUDIENCE (A) Ground Floor Room Fully Accessible,Highfield Campus
58-1041,22,58,Smartboard,Highfield Campus
58-1041,22,58,Network connection for laptops,Highfield Campus
58-1041,22,58,Wireless internet access,Highfield Campus
58-1041,22,58,Data/Video projection,Highfield Campus
58-1041,22,58,RSC- DISABLED ACCESS - INSTRUCTOR (A) Ground Floor Room Fully Accessible,Highfield Campus
58-1041,22,58,Whiteboard,Highfield Campus
34-4005,30,34,Bench PC,Highfield Campus
34-4005,30,34,Movable seats,Highfield Campus
34-4005,30,34,Smartboard,Highfield Campus
34-4005,30,34,DVD playback via PC,Highfield Campus
34-4005,30,34,Network connection for laptops,Highfield Campus
34-4005,30,34,Screen,Highfield Campus
34-4005,30,34,Wireless internet access,Highfield Campus
34-4005,30,34,Data/Video projection,Highfield Campus
34-4005,30,34,Whiteboard,Highfield Campus
34-4005,30,34,"RSC- DISABLED ACCESS - AUDIENCE (X) Not Egress Standard (No access for wheelchairs, difficult access for semi-ambulates)",Highfield Campus
34-4005,30,34,"RSC- DISABLED ACCESS - INSTRUCTOR (X) Not Egress Standard (No access for wheelchairs, difficult access for semi-ambulates)",Highfield Campus
25-1015,12,25,Mixed Recycling Bin,Highfield Campus
67-1011,20,67,Bench PC,Highfield Campus
67-1011,20,67,Movable seats,Highfield Campus
67-1011,20,67,RSC- DISABLED ACCESS - AUDIENCE (A) Ground Floor Room Fully Accessible,Highfield Campus
67-1011,20,67,DVD playback via PC,Highfield Campus
67-1011,20,67,Network connection for laptops,Highfield Campus
67-1011,20,67,Wireless internet access,Highfield Campus
67-1011,20,67,Data/Video projection,Highfield Campus
67-1011,20,67,RSC- DISABLED ACCESS - INSTRUCTOR (A) Ground Floor Room Fully Accessible,Highfield Campus
67-1011,20,67,Whiteboard,Highfield Campus
65-1095,24,65,DVD player,Avenue Campus
65-1095,24,65,Bench PC,Avenue Campus
65-1095,24,65,Movable seats,Avenue Campus
65-1095,24,65,RSC- DISABLED ACCESS - AUDIENCE (A) Ground Floor Room Fully Accessible,Avenue Campus
65-1095,24,65,Network connection for laptops,Avenue Campus
65-1095,24,65,Screen,Avenue Campus
65-1095,24,65,Data/Video projection,Avenue Campus
65-1095,24,65,RSC- DISABLED ACCESS - INSTRUCTOR (A) Ground Floor Room Fully Accessible,Avenue Campus
65-1095,24,65,Whiteboard,Avenue Campus
65-1095,24,65,Lectern,Avenue Campus
2-1085,88,2,DVD player,Highfield Campus
2-1085,88,2,Bench PC,Highfield Campus
2-1085,88,2,Microphone,Highfield Campus
2-1085,88,2,Network connection for laptops,Highfield Campus
2-1085,88,2,Screen,Highfield Campus
2-1085,88,2,Wireless internet access,Highfield Campus
2-1085,88,2,Data/Video projection,Highfield Campus
2-1085,88,2,Whiteboard (large),Highfield Campus
2-1085,88,2,Induction loop for hearing aid users,Highfield Campus
2-1085,88,2,RSC- VISUALISER (VIDEO OHP),Highfield Campus
2-1085,88,2,Whiteboard,Highfield Campus
2-1085,88,2,"RSC- DISABLED ACCESS - AUDIENCE (X) Not Egress Standard (No access for wheelchairs, difficult access for semi-ambulates)",Highfield Campus
2-1085,88,2,Lectern,Highfield Campus
2-1085,88,2,"RSC- DISABLED ACCESS - INSTRUCTOR (X) Not Egress Standard (No access for wheelchairs, difficult access for semi-ambulates)",Highfield Campus
2-1085,88,2,Fixed seats - tiered,Highfield Campus
6-1077,93,6,RSC- VISUALISER (RECORDABLE),Highfield Campus
6-1077,93,6,DVD player,Highfield Campus
6-1077,93,6,Bench PC,Highfield Campus
6-1077,93,6,RSC- DISABLED ACCESS - AUDIENCE (A) Ground Floor Room Fully Accessible,Highfield Campus
6-1077,93,6,Microphone,Highfield Campus
6-1077,93,6,Network connection for laptops,Highfield Campus
6-1077,93,6,Screen,Highfield Campus
6-1077,93,6,Wireless internet access,Highfield Campus
6-1077,93,6,Data/Video projection,Highfield Campus
6-1077,93,6,Whiteboard (large),Highfield Campus
6-1077,93,6,Induction loop for hearing aid users,Highfield Campus
6-1077,93,6,RSC- VISUALISER (VIDEO OHP),Highfield Campus
6-1077,93,6,Whiteboard,Highfield Campus
6-1077,93,6,"RSC- DISABLED ACCESS - INSTRUCTOR (X) Not Egress Standard (No access for wheelchairs, difficult access for semi-ambulates)",Highfield Campus
6-1077,93,6,Sympodium (Smartscreen for the PC),Highfield Campus
6-1077,93,6,Fixed seats - tiered,Highfield Campus
58-1043,37,58,RSC- DISABLED ACCESS - AUDIENCE (A) Ground Floor Room Fully Accessible,Highfield Campus
58-1043,37,58,Mixed Recycling Bin,Highfield Campus
58-1043,37,58,Wireless internet access,Highfield Campus
58-1043,37,58,RSC- DISABLED ACCESS - INSTRUCTOR (A) Ground Floor Room Fully Accessible,Highfield Campus
4-4055,22,4,Bench PC,Highfield Campus
4-4055,22,4,Movable seats,Highfield Campus
4-4055,22,4,RSC- DISABLED ACCESS - INSTRUCTOR (B) Upper Floor Room Egress Standard Lift & Evac Management Plan,Highfield Campus
4-4055,22,4,Smartboard,Highfield Campus
4-4055,22,4,DVD playback via PC,Highfield Campus
4-4055,22,4,Network connection for laptops,Highfield Campus
4-4055,22,4,Screen,Highfield Campus
4-4055,22,4,Wireless internet access,Highfield Campus
4-4055,22,4,Data/Video projection,Highfield Campus
4-4055,22,4,Whiteboard,Highfield Campus
4-4055,22,4,RSC- DISABLED ACCESS - AUDIENCE (B) Upper Floor Room Egress Standard Lift & Evac Management Plan,Highfield Campus
34-4007,30,34,DVD player,Highfield Campus
34-4007,30,34,Bench PC,Highfield Campus
34-4007,30,34,Movable seats,Highfield Campus
34-4007,30,34,Smartboard,Highfield Campus
34-4007,30,34,Network connection for laptops,Highfield Campus
34-4007,30,34,Screen,Highfield Campus
34-4007,30,34,Wireless internet access,Highfield Campus
34-4007,30,34,Data/Video projection,Highfield Campus
34-4007,30,34,Whiteboard,Highfield Campus
34-4007,30,34,"RSC- DISABLED ACCESS - AUDIENCE (X) Not Egress Standard (No access for wheelchairs, difficult access for semi-ambulates)",Highfield Campus
34-4007,30,34,"RSC- DISABLED ACCESS - INSTRUCTOR (X) Not Egress Standard (No access for wheelchairs, difficult access for semi-ambulates)",Highfield Campus
29-1101,154,29,DVD player,Highfield Campus
29-1101,154,29,Bench PC,Highfield Campus
29-1101,154,29,Microphone,Highfield Campus
29-1101,154,29,Network connection for laptops,Highfield Campus
29-1101,154,29,Screen,Highfield Campus
29-1101,154,29,Wireless internet access,Highfield Campus
29-1101,154,29,Data/Video projection,Highfield Campus
29-1101,154,29,Whiteboard (large),Highfield Campus
29-1101,154,29,Induction loop for hearing aid users,Highfield Campus
29-1101,154,29,RSC- VISUALISER (VIDEO OHP),Highfield Campus
29-1101,154,29,Whiteboard,Highfield Campus
29-1101,154,29,"RSC- DISABLED ACCESS - AUDIENCE (X) Not Egress Standard (No access for wheelchairs, difficult access for semi-ambulates)",Highfield Campus
29-1101,154,29,"RSC- DISABLED ACCESS - INSTRUCTOR (X) Not Egress Standard (No access for wheelchairs, difficult access for semi-ambulates)",Highfield Campus
29-1101,154,29,Fixed seats - tiered,Highfield Campus
44-2103,39,44,DVD player,Highfield Campus
44-2103,39,44,Bench PC,Highfield Campus
44-2103,39,44,Fixed seats - flat,Highfield Campus
44-2103,39,44,RSC- DISABLED ACCESS - AUDIENCE (A) Ground Floor Room Fully Accessible,Highfield Campus
44-2103,39,44,Network connection for laptops,Highfield Campus
44-2103,39,44,Screen,Highfield Campus
44-2103,39,44,Data/Video projection,Highfield Campus
44-2103,39,44,Whiteboard (large),Highfield Campus
44-2103,39,44,RSC- DISABLED ACCESS - INSTRUCTOR (A) Ground Floor Room Fully Accessible,Highfield Campus
44-2103,39,44,Whiteboard,Highfield Campus
58-1067,154,58,DVD player,Highfield Campus
58-1067,154,58,Bench PC,Highfield Campus
58-1067,154,58,Microphone,Highfield Campus
58-1067,154,58,Network connection for laptops,Highfield Campus
58-1067,154,58,Screen,Highfield Campus
58-1067,154,58,Wireless internet access,Highfield Campus
58-1067,154,58,Data/Video projection,Highfield Campus
58-1067,154,58,Induction loop for hearing aid users,Highfield Campus
58-1067,154,58,RSC- VISUALISER (VIDEO OHP),Highfield Campus
58-1067,154,58,Whiteboard,Highfield Campus
58-1067,154,58,"RSC- DISABLED ACCESS - AUDIENCE (X) Not Egress Standard (No access for wheelchairs, difficult access for semi-ambulates)",Highfield Campus
58-1067,154,58,Lectern,Highfield Campus
58-1067,154,58,"RSC- DISABLED ACCESS - INSTRUCTOR (X) Not Egress Standard (No access for wheelchairs, difficult access for semi-ambulates)",Highfield Campus
58-1067,154,58,Fixed seats - tiered,Highfield Campus
4-3057,28,4,DVD player,Highfield Campus
4-3057,28,4,Bench PC,Highfield Campus
4-3057,28,4,Movable seats,Highfield Campus
4-3057,28,4,RSC- DISABLED ACCESS - INSTRUCTOR (B) Upper Floor Room Egress Standard Lift & Evac Management Plan,Highfield Campus
4-3057,28,4,Network connection for laptops,Highfield Campus
4-3057,28,4,Wireless internet access,Highfield Campus
4-3057,28,4,Data/Video projection,Highfield Campus
4-3057,28,4,Whiteboard (large),Highfield Campus
4-3057,28,4,Induction loop for hearing aid users,Highfield Campus
4-3057,28,4,Whiteboard,Highfield Campus
4-3057,28,4,Lectern,Highfield Campus
4-3057,28,4,RSC- DISABLED ACCESS - AUDIENCE (B) Upper Floor Room Egress Standard Lift & Evac Management Plan,Highfield Campus
44-1057,60,44,DVD player,Highfield Campus
44-1057,60,44,Bench PC,Highfield Campus
44-1057,60,44,RSC- DISABLED ACCESS - AUDIENCE (A) Ground Floor Room Fully Accessible,Highfield Campus
44-1057,60,44,Microphone,Highfield Campus
44-1057,60,44,Network connection for laptops,Highfield Campus
44-1057,60,44,Screen,Highfield Campus
44-1057,60,44,Wireless internet access,Highfield Campus
44-1057,60,44,Data/Video projection,Highfield Campus
44-1057,60,44,Whiteboard (large),Highfield Campus
44-1057,60,44,RSC- VISUALISER (VIDEO OHP),Highfield Campus
44-1057,60,44,Whiteboard,Highfield Campus
44-1057,60,44,"RSC- DISABLED ACCESS - INSTRUCTOR (X) Not Egress Standard (No access for wheelchairs, difficult access for semi-ambulates)",Highfield Campus
44-1057,60,44,Fixed seats - tiered,Highfield Campus
58-1045,32,58,RSC- DISABLED ACCESS - AUDIENCE (A) Ground Floor Room Fully Accessible,Highfield Campus
58-1045,32,58,Mixed Recycling Bin,Highfield Campus
58-1045,32,58,Wireless internet access,Highfield Campus
58-1045,32,58,RSC- DISABLED ACCESS - INSTRUCTOR (A) Ground Floor Room Fully Accessible,Highfield Campus
13-3021,56,13,DVD player,Highfield Campus
13-3021,56,13,Bench PC,Highfield Campus
13-3021,56,13,Fixed seats - flat,Highfield Campus
13-3021,56,13,RSC- DISABLED ACCESS - INSTRUCTOR (B) Upper Floor Room Egress Standard Lift & Evac Management Plan,Highfield Campus
13-3021,56,13,Network connection for laptops,Highfield Campus
13-3021,56,13,Screen,Highfield Campus
13-3021,56,13,Wireless internet access,Highfield Campus
13-3021,56,13,Data/Video projection,Highfield Campus
13-3021,56,13,Whiteboard (large),Highfield Campus
13-3021,56,13,Induction loop for hearing aid users,Highfield Campus
13-3021,56,13,Whiteboard,Highfield Campus
13-3021,56,13,Lectern,Highfield Campus
13-3021,56,13,RSC- DISABLED ACCESS - AUDIENCE (B) Upper Floor Room Egress Standard Lift & Evac Management Plan,Highfield Campus
27-1137,26,27,DVD player,Highfield Campus
27-1137,26,27,Bench PC,Highfield Campus
27-1137,26,27,Movable seats,Highfield Campus
27-1137,26,27,RSC- DISABLED ACCESS - AUDIENCE (A) Ground Floor Room Fully Accessible,Highfield Campus
27-1137,26,27,Network connection for laptops,Highfield Campus
27-1137,26,27,Screen,Highfield Campus
27-1137,26,27,Wireless internet access,Highfield Campus
27-1137,26,27,Data/Video projection,Highfield Campus
27-1137,26,27,RSC- DISABLED ACCESS - INSTRUCTOR (A) Ground Floor Room Fully Accessible,Highfield Campus
27-1137,26,27,Whiteboard,Highfield Campus
27-1139,8,27,DVD player,Highfield Campus
27-1139,8,27,Bench PC,Highfield Campus
27-1139,8,27,Video conferencing,Highfield Campus
27-1139,8,27,Movable seats,Highfield Campus
27-1139,8,27,RSC- DISABLED ACCESS - AUDIENCE (A) Ground Floor Room Fully Accessible,Highfield Campus
27-1139,8,27,Network connection for laptops,Highfield Campus
27-1139,8,27,Screen,Highfield Campus
27-1139,8,27,Wireless internet access,Highfield Campus
27-1139,8,27,Data/Video projection,Highfield Campus
27-1139,8,27,RSC- DISABLED ACCESS - INSTRUCTOR (A) Ground Floor Room Fully Accessible,Highfield Campus
2-2063,16,2,RSC- DISABLED ACCESS - AUDIENCE (A) Ground Floor Room Fully Accessible,Highfield Campus
2-2063,16,2,RSC- DISABLED ACCESS - INSTRUCTOR (A) Ground Floor Room Fully Accessible,Highfield Campus
5-2017,79,5,DVD player,Highfield Campus
5-2017,79,5,Bench PC,Highfield Campus
5-2017,79,5,Network connection for laptops,Highfield Campus
5-2017,79,5,Screen,Highfield Campus
5-2017,79,5,Wireless internet access,Highfield Campus
5-2017,79,5,Data/Video projection,Highfield Campus
5-2017,79,5,Whiteboard (large),Highfield Campus
5-2017,79,5,RSC- DISABLED ACCESS - INSTRUCTOR (A) Ground Floor Room Fully Accessible,Highfield Campus
5-2017,79,5,Whiteboard,Highfield Campus
5-2017,79,5,"RSC- DISABLED ACCESS - AUDIENCE (X) Not Egress Standard (No access for wheelchairs, difficult access for semi-ambulates)",Highfield Campus
5-2017,79,5,Fixed seats - tiered,Highfield Campus
34-1020,25,34,Bench PC,Highfield Campus
34-1020,25,34,Movable seats,Highfield Campus
34-1020,25,34,Smartboard,Highfield Campus
34-1020,25,34,DVD playback via PC,Highfield Campus
34-1020,25,34,Network connection for laptops,Highfield Campus
34-1020,25,34,Screen,Highfield Campus
34-1020,25,34,Wireless internet access,Highfield Campus
34-1020,25,34,Data/Video projection,Highfield Campus
34-1020,25,34,Whiteboard,Highfield Campus
34-1020,25,34,"RSC- DISABLED ACCESS - AUDIENCE (X) Not Egress Standard (No access for wheelchairs, difficult access for semi-ambulates)",Highfield Campus
34-1020,25,34,"RSC- DISABLED ACCESS - INSTRUCTOR (X) Not Egress Standard (No access for wheelchairs, difficult access for semi-ambulates)",Highfield Campus
46-2003,115,46,RSC- VISUALISER (RECORDABLE),Highfield Campus
46-2003,115,46,DVD player,Highfield Campus
46-2003,115,46,Chalk board,Highfield Campus
46-2003,115,46,Bench PC,Highfield Campus
46-2003,115,46,Microphone,Highfield Campus
46-2003,115,46,Network connection for laptops,Highfield Campus
46-2003,115,46,Screen,Highfield Campus
46-2003,115,46,Wireless internet access,Highfield Campus
46-2003,115,46,Data/Video projection,Highfield Campus
46-2003,115,46,Induction loop for hearing aid users,Highfield Campus
46-2003,115,46,RSC- VISUALISER (VIDEO OHP),Highfield Campus
46-2003,115,46,Whiteboard,Highfield Campus
46-2003,115,46,Fixed seats - tiered,Highfield Campus
67-1013,20,67,Bench PC,Highfield Campus
67-1013,20,67,Movable seats,Highfield Campus
67-1013,20,67,RSC- DISABLED ACCESS - AUDIENCE (A) Ground Floor Room Fully Accessible,Highfield Campus
67-1013,20,67,DVD playback via PC,Highfield Campus
67-1013,20,67,Network connection for laptops,Highfield Campus
67-1013,20,67,Wireless internet access,Highfield Campus
67-1013,20,67,Data/Video projection,Highfield Campus
67-1013,20,67,RSC- DISABLED ACCESS - INSTRUCTOR (A) Ground Floor Room Fully Accessible,Highfield Campus
67-1013,20,67,Whiteboard,Highfield Campus
58-1035,16,58,Bench PC,Highfield Campus
58-1035,16,58,Movable seats,Highfield Campus
58-1035,16,58,RSC- DISABLED ACCESS - AUDIENCE (A) Ground Floor Room Fully Accessible,Highfield Campus
58-1035,16,58,Smartboard,Highfield Campus
58-1035,16,58,DVD playback via PC,Highfield Campus
58-1035,16,58,Network connection for laptops,Highfield Campus
58-1035,16,58,Wireless internet access,Highfield Campus
58-1035,16,58,Data/Video projection,Highfield Campus
58-1035,16,58,RSC- DISABLED ACCESS - INSTRUCTOR (A) Ground Floor Room Fully Accessible,Highfield Campus
58-1035,16,58,Whiteboard,Highfield Campus
44-1041,115,44,RSC- VISUALISER (RECORDABLE),Highfield Campus
44-1041,115,44,DVD player,Highfield Campus
44-1041,115,44,Bench PC,Highfield Campus
44-1041,115,44,RSC- DISABLED ACCESS - AUDIENCE (A) Ground Floor Room Fully Accessible,Highfield Campus
44-1041,115,44,Microphone,Highfield Campus
44-1041,115,44,Network connection for laptops,Highfield Campus
44-1041,115,44,Screen,Highfield Campus
44-1041,115,44,Wireless internet access,Highfield Campus
44-1041,115,44,Data/Video projection,Highfield Campus
44-1041,115,44,Whiteboard (large),Highfield Campus
44-1041,115,44,RSC- VISUALISER (VIDEO OHP),Highfield Campus
44-1041,115,44,Whiteboard,Highfield Campus
44-1041,115,44,"RSC- DISABLED ACCESS - INSTRUCTOR (X) Not Egress Standard (No access for wheelchairs, difficult access for semi-ambulates)",Highfield Campus
44-1041,115,44,Fixed seats - tiered,Highfield Campus
85-2211,20,85,DVD player,Highfield Campus
85-2211,20,85,Bench PC,Highfield Campus
85-2211,20,85,Movable seats,Highfield Campus
85-2211,20,85,RSC- DISABLED ACCESS - AUDIENCE (A) Ground Floor Room Fully Accessible,Highfield Campus
85-2211,20,85,Network connection for laptops,Highfield Campus
85-2211,20,85,Data/Video projection,Highfield Campus
85-2211,20,85,RSC- DISABLED ACCESS - INSTRUCTOR (A) Ground Floor Room Fully Accessible,Highfield Campus
85-2211,20,85,Whiteboard,Highfield Campus
34-3019,34,34,Bench PC,Highfield Campus
34-3019,34,34,Smartboard,Highfield Campus
34-3019,34,34,DVD playback via PC,Highfield Campus
34-3019,34,34,Network connection for laptops,Highfield Campus
34-3019,34,34,Wireless internet access,Highfield Campus
34-3019,34,34,Data/Video projection,Highfield Campus
34-3019,34,34,Movable seats - no writing surfaces,Highfield Campus
34-3019,34,34,Whiteboard,Highfield Campus
34-3019,34,34,"RSC- DISABLED ACCESS - AUDIENCE (X) Not Egress Standard (No access for wheelchairs, difficult access for semi-ambulates)",Highfield Campus
34-3019,34,34,"RSC- DISABLED ACCESS - INSTRUCTOR (X) Not Egress Standard (No access for wheelchairs, difficult access for semi-ambulates)",Highfield Campus
