b,number,lat,lon,east,north,name,site,site_name
http://id.southampton.ac.uk/building/1048,1048,,,,,El Sub Sta adj to B54,http://id.southampton.ac.uk/site/1,Highfield Campus
http://id.southampton.ac.uk/building/75C,75C,50.9301743,-1.402665,442074,114694,Highfield Hall Wolfe House,http://id.southampton.ac.uk/site/56,Highfield Hall
http://id.southampton.ac.uk/building/1416,1416,50.9337061,-1.3992198,442313,115089,38 Chamberlain Road,http://id.southampton.ac.uk/site/1,Highfield Campus
http://id.southampton.ac.uk/building/20,20,50.9368962,-1.3951265,442598,115446,High Voltage Laboratory,http://id.southampton.ac.uk/site/1,Highfield Campus
http://id.southampton.ac.uk/building/29,29,50.9340008,-1.3939798,442681,115125,Graham Hills,http://id.southampton.ac.uk/site/1,Highfield Campus
http://id.southampton.ac.uk/building/76C,76C,50.937645,-1.377127,443862,115540,Montefiore Hall Block C,http://id.southampton.ac.uk/site/64,Montefiore Hall
http://id.southampton.ac.uk/building/1051,1051,50.933338,-1.395356,442585,115050,28 University Road,http://id.southampton.ac.uk/site/1,Highfield Campus
http://id.southampton.ac.uk/building/1730-22,1730-22,,,,,Erasmus - Flat 22,http://id.southampton.ac.uk/site/70,Erasmus Park
http://id.southampton.ac.uk/building/9022,9022,,,,,Container 3 - B21,http://id.southampton.ac.uk/site/1,Highfield Campus
http://id.southampton.ac.uk/building/1049,1049,,,,,El Sub Sta adj to B31,http://id.southampton.ac.uk/site/1,Highfield Campus
http://id.southampton.ac.uk/building/65B,65B,50.9288317,-1.4036629,442005,114544,Burgess,http://id.southampton.ac.uk/site/3,Avenue Campus
http://id.southampton.ac.uk/building/65B,65B,50.9288317,-1.4034949700,442005,114544,Burgess,http://id.southampton.ac.uk/site/3,Avenue Campus
http://id.southampton.ac.uk/building/65B,65B,50.9286570500,-1.4036629,442005,114544,Burgess,http://id.southampton.ac.uk/site/3,Avenue Campus
http://id.southampton.ac.uk/building/65B,65B,50.9286570500,-1.4034949700,442005,114544,Burgess,http://id.southampton.ac.uk/site/3,Avenue Campus
http://id.southampton.ac.uk/building/72A2-L,72A2-L,50.937973,-1.375083,444005,115578,Connaught L (New Quad),http://id.southampton.ac.uk/site/63,Connaught Hall
http://id.southampton.ac.uk/building/46,46,50.9348505,-1.3996014,442285,115216,Physics,http://id.southampton.ac.uk/site/1,Highfield Campus
http://id.southampton.ac.uk/building/76U,76U,50.9383121,-1.3780779,443794,115614,Montefiore Hall Laundry,http://id.southampton.ac.uk/site/64,Montefiore Hall
http://id.southampton.ac.uk/building/1730-33,1730-33,,,,,Erasmus - Flat 33,http://id.southampton.ac.uk/site/70,Erasmus Park
http://id.southampton.ac.uk/building/1507,1507,50.933605,-1.393915,442686,115081,29 Hartley Avenue,http://id.southampton.ac.uk/site/1,Highfield Campus
http://id.southampton.ac.uk/building/1402,1402,50.933101,-1.3979888,442400,115022,10 Chamberlain Road,http://id.southampton.ac.uk/site/1,Highfield Campus
http://id.southampton.ac.uk/building/73D,73D,50.9439382,-1.4024566,442076,116225,Glen Eyre Hall Block D Richard Newitt,http://id.southampton.ac.uk/site/57,Glen Eyre Hall
http://id.southampton.ac.uk/building/9044,9044,,,,,NOC Cont 4 - Small boats storage,http://id.southampton.ac.uk/site/6,National Oceanography Centre Campus
http://id.southampton.ac.uk/building/1730-24,1730-24,,,,,Erasmus - Flat 24,http://id.southampton.ac.uk/site/70,Erasmus Park
http://id.southampton.ac.uk/building/177,177,,,,,Annexe,http://id.southampton.ac.uk/site/2,Boldrewood Campus
http://id.southampton.ac.uk/building/1730-35,1730-35,,,,,Erasmus - Flat 35,http://id.southampton.ac.uk/site/70,Erasmus Park
http://id.southampton.ac.uk/building/72D-N,72D-N,50.938553,-1.375209,443996,115642,Connaught N (New Quad),http://id.southampton.ac.uk/site/63,Connaught Hall
http://id.southampton.ac.uk/building/1730-21,1730-21,,,,,Erasmus - Flat 21,http://id.southampton.ac.uk/site/70,Erasmus Park
http://id.southampton.ac.uk/building/94H,94H,50.934078,-1.380648,443618,115141,Classroom,http://id.southampton.ac.uk/site/8,Boat House
http://id.southampton.ac.uk/building/1730-20,1730-20,,,,,Erasmus - Flat 20,http://id.southampton.ac.uk/site/70,Erasmus Park
http://id.southampton.ac.uk/building/85,85,50.936436,-1.395323,442584,115395,Life Sciences,http://id.southampton.ac.uk/site/1,Highfield Campus
http://id.southampton.ac.uk/building/1423,1423,50.9340266,-1.3999612,442261,115124,52 Chamberlain Road,http://id.southampton.ac.uk/site/1,Highfield Campus
http://id.southampton.ac.uk/building/73,73,,,,,Oakhurst Road,http://id.southampton.ac.uk/site/1,Highfield Campus
http://id.southampton.ac.uk/building/1730-32,1730-32,,,,,Erasmus - Flat 32,http://id.southampton.ac.uk/site/70,Erasmus Park
http://id.southampton.ac.uk/building/72D-P,72D-P,50.938625,-1.374951,444014,115650,Connaught P (New Quad),http://id.southampton.ac.uk/site/63,Connaught Hall
http://id.southampton.ac.uk/building/125,125,,,,,Gamma House,http://id.southampton.ac.uk/site/5,The University of Southampton Science Park
http://id.southampton.ac.uk/building/68-A6,68-A6,,,,,National Oceanography Centre - Block A6,http://id.southampton.ac.uk/site/6,National Oceanography Centre Campus
http://id.southampton.ac.uk/building/99,99,50.961019,-1.4226617,440642,118113,2 Venture Road,http://id.southampton.ac.uk/site/5,The University of Southampton Science Park
http://id.southampton.ac.uk/building/70CC,70CC,50.9412837,-1.4024437,442080,115930,South Hill C,http://id.southampton.ac.uk/site/58,South Hill Hall
http://id.southampton.ac.uk/building/30,30,50.9343082,-1.3944765,442646,115159,Synthetic Chemistry,http://id.southampton.ac.uk/site/1,Highfield Campus
http://id.southampton.ac.uk/building/76K,76K,50.938484,-1.376944,443874,115633,Montefiore Hall Block K,http://id.southampton.ac.uk/site/64,Montefiore Hall
http://id.southampton.ac.uk/building/56,56,,,,,Human Performance Laboratory,http://id.southampton.ac.uk/site/1,Highfield Campus
http://id.southampton.ac.uk/building/1630,1630,50.9369467,-1.393715,442697,115453,185 Broadlands Road,http://id.southampton.ac.uk/site/1,Highfield Campus
http://id.southampton.ac.uk/building/57,57,50.934399,-1.396755,442486,115167,Students' Union Retail Centre,http://id.southampton.ac.uk/site/1,Highfield Campus
http://id.southampton.ac.uk/building/9030,9030,,,,,Estates container 1 Rear of B33,http://id.southampton.ac.uk/site/1,Highfield Campus
http://id.southampton.ac.uk/building/1730,1730,51.0686667,-1.3001172,449135,130159,Erasmus Park,http://id.southampton.ac.uk/site/70,Erasmus Park
http://id.southampton.ac.uk/building/76L,76L,50.938629,-1.376306,443919,115650,Montefiore Hall Block L,http://id.southampton.ac.uk/site/64,Montefiore Hall
http://id.southampton.ac.uk/building/45,45,50.937801,-1.394014,442675,115547,Health Profs & Rehab Sciences,http://id.southampton.ac.uk/site/1,Highfield Campus
http://id.southampton.ac.uk/building/1730-23,1730-23,,,,,Erasmus - Flat 23,http://id.southampton.ac.uk/site/70,Erasmus Park
http://id.southampton.ac.uk/building/58,58,50.936592,-1.398697,442347,115410,Murray,http://id.southampton.ac.uk/site/1,Highfield Campus
http://id.southampton.ac.uk/building/81A,81A,50.945967,-1.3907157,442899,116457,Bencraft Court Block A,http://id.southampton.ac.uk/site/62,Bencraft Hall
http://id.southampton.ac.uk/building/1730-34,1730-34,,,,,Erasmus - Flat 34,http://id.southampton.ac.uk/site/70,Erasmus Park
http://id.southampton.ac.uk/building/44A,44A,,,,,Geodata Institute,http://id.southampton.ac.uk/site/1,Highfield Campus
http://id.southampton.ac.uk/building/13A,13A,,,,,Workshop adjacent to B13,http://id.southampton.ac.uk/site/1,Highfield Campus
http://id.southampton.ac.uk/building/15,15,50.9358355,-1.3933722,442722,115329,Wolfson/Rayleigh,http://id.southampton.ac.uk/site/1,Highfield Campus
http://id.southampton.ac.uk/building/73N-H,73N-H,50.94236,-1.402854,442050,116049,Block H Glen Eyre Hall Old Terrace,http://id.southampton.ac.uk/site/57,Glen Eyre Hall
http://id.southampton.ac.uk/building/81B,81B,50.9458051,-1.3904644,442917,116440,Bencraft Court Block B,http://id.southampton.ac.uk/site/62,Bencraft Hall
http://id.southampton.ac.uk/building/1050,1050,50.933235,-1.395323,442587,115039,26 University Road,http://id.southampton.ac.uk/site/1,Highfield Campus
http://id.southampton.ac.uk/building/65A,65A,50.928783,-1.403128,442043,114539,Archaelogy (ex-Crawford),http://id.southampton.ac.uk/site/3,Avenue Campus
http://id.southampton.ac.uk/building/73N-J,73N-J,50.94236,-1.402854,442050,116049,Block J Glen Eyre Hall Old Terrace,http://id.southampton.ac.uk/site/57,Glen Eyre Hall
http://id.southampton.ac.uk/building/1612,1612,50.934734,-1.380123,443654,115214,72 Mead Crescent,http://id.southampton.ac.uk/site/8,Boat House
http://id.southampton.ac.uk/building/26,26,50.9347143,-1.3941216,442670,115204,Building 26,http://id.southampton.ac.uk/site/1,Highfield Campus
http://id.southampton.ac.uk/building/9570,9570,,,,,Tenovus,http://id.southampton.ac.uk/site/18,Southampton General Hospital
http://id.southampton.ac.uk/building/70A,70A,50.941608,-1.4031107,442033,115966,Chamberlain A,http://id.southampton.ac.uk/site/59,Chamberlain Hall
http://id.southampton.ac.uk/building/82A,82A,50.9169714,-1.4077298,441730,113223,Gateley Hall,,
http://id.southampton.ac.uk/building/170,170,,,,,City Gateway C,,
http://id.southampton.ac.uk/building/9591,9591,51.279823,-1.110778,462117,153784,"North Hampshire Hospital, Basingstoke",,
http://id.southampton.ac.uk/building/1506,1506,50.933529,-1.393944,442684,115072,27 Hartley Avenue,http://id.southampton.ac.uk/site/1,Highfield Campus
http://id.southampton.ac.uk/building/1730-30,1730-30,,,,,Erasmus - Flat 30,http://id.southampton.ac.uk/site/70,Erasmus Park
http://id.southampton.ac.uk/building/1415,1415,50.9336731,-1.3991675,442317,115085,36 Chamberlain Road,http://id.southampton.ac.uk/site/1,Highfield Campus
http://id.southampton.ac.uk/building/1401,1401,50.9330741,-1.3979365,442404,115019,8 Chamberlain Road,http://id.southampton.ac.uk/site/1,Highfield Campus
http://id.southampton.ac.uk/building/1102,1102,50.9333389,-1.3960392,442537,115050,39 University Road,http://id.southampton.ac.uk/site/1,Highfield Campus
http://id.southampton.ac.uk/building/4,4,50.9360909,-1.3977134,442417,115355,Law,http://id.southampton.ac.uk/site/1,Highfield Campus
http://id.southampton.ac.uk/building/9592,9592,51.061089,-1.330204,447034,129296,"Royal Hampshire County Hospital, Winchester",,
http://id.southampton.ac.uk/building/68,68,50.892773,-1.394491,442683,110540,National Oceanography Centre,http://id.southampton.ac.uk/site/6,National Oceanography Centre Campus
http://id.southampton.ac.uk/building/193,193,,,,,USMC Building 1,,
http://id.southampton.ac.uk/building/70D,70D,50.941843,-1.4032263,442024,115992,Chamberlain Dining Room,http://id.southampton.ac.uk/site/59,Chamberlain Hall
http://id.southampton.ac.uk/building/76T,76T,50.939426,-1.376783,443884,115738,Montefiore Hall Block T,http://id.southampton.ac.uk/site/64,Montefiore Hall
http://id.southampton.ac.uk/building/1505,1505,50.933445,-1.393965,442683,115063,25 Hartley Avenue,http://id.southampton.ac.uk/site/1,Highfield Campus
http://id.southampton.ac.uk/building/78A,78A,50.936687,-1.376944,443876,115433,South Stoneham House,http://id.southampton.ac.uk/site/65,Stoneham Hall
http://id.southampton.ac.uk/building/63G,63G,51.0653675,-1.3098995,448453,129785,Graphics Building,http://id.southampton.ac.uk/site/4,Winchester School of Art
http://id.southampton.ac.uk/building/169,169,,,,,City Gateway B,,
http://id.southampton.ac.uk/building/96,96,50.9619135,-1.4233506,440593,118212,3 Venture Road,http://id.southampton.ac.uk/site/5,The University of Southampton Science Park
http://id.southampton.ac.uk/building/70C,70C,50.941536,-1.403592,441999,115957,Chamberlain C,http://id.southampton.ac.uk/site/59,Chamberlain Hall
http://id.southampton.ac.uk/building/36,36,50.934986,-1.395156,442597,115234,Library (inc. blds 10 12 & 14),http://id.southampton.ac.uk/site/1,Highfield Campus
http://id.southampton.ac.uk/building/76SC,76SC,50.9380566,-1.3780581,443796,115585,Montefiore Hall Social Centre,http://id.southampton.ac.uk/site/64,Montefiore Hall
http://id.southampton.ac.uk/building/76W,76W,50.9372773,-1.3779839,443802,115498,Montefiore Hall Block W,http://id.southampton.ac.uk/site/64,Montefiore Hall
http://id.southampton.ac.uk/building/9043,9043,,,,,NOC Cont 3 -  A3 Large container,http://id.southampton.ac.uk/site/6,National Oceanography Centre Campus
http://id.southampton.ac.uk/building/41,41,50.933559,-1.395301,442589,115075,Early Years Centre,http://id.southampton.ac.uk/site/1,Highfield Campus
http://id.southampton.ac.uk/building/1422,1422,50.9339817,-1.3998519,442268,115119,50 Chamberlain Road,http://id.southampton.ac.uk/site/1,Highfield Campus
http://id.southampton.ac.uk/building/42,42,50.934219,-1.397511,442433,115147,Students' Union/Refectory,http://id.southampton.ac.uk/site/1,Highfield Campus
http://id.southampton.ac.uk/building/1390,1390,50.933636,-1.400937,442192,115080,1A Oakhurst Road,,
http://id.southampton.ac.uk/building/11,11,,,,,Energy Centre (CHP),http://id.southampton.ac.uk/site/1,Highfield Campus
http://id.southampton.ac.uk/building/73F,73F,50.9436793,-1.402203,442094,116196,Glen Eyre Hall Block F Richard Newitt,http://id.southampton.ac.uk/site/57,Glen Eyre Hall
http://id.southampton.ac.uk/building/76B,76B,50.9376576,-1.3778009,443814,115541,Montefiore Hall Block B,http://id.southampton.ac.uk/site/64,Montefiore Hall
http://id.southampton.ac.uk/building/9585,9585,50.9125279,-1.3973994,442460,112735,Royal South Hants,http://id.southampton.ac.uk/site/20,Royal South Hants Hospital
http://id.southampton.ac.uk/building/1107,1107,50.9336275,-1.3962471,442522,115082,47 University Road,http://id.southampton.ac.uk/site/1,Highfield Campus
http://id.southampton.ac.uk/building/73R,73R,50.9434354,-1.404631,441924,116168,Beechmount House,,
http://id.southampton.ac.uk/building/9005,9005,,,,,Eng Store - rear of B1602,http://id.southampton.ac.uk/site/1,Highfield Campus
http://id.southampton.ac.uk/building/76N,76N,50.938763,-1.376751,443887,115664,Montefiore Hall Block N,http://id.southampton.ac.uk/site/64,Montefiore Hall
http://id.southampton.ac.uk/building/1730-31,1730-31,,,,,Erasmus - Flat 31,http://id.southampton.ac.uk/site/70,Erasmus Park
http://id.southampton.ac.uk/building/151,151,50.9311694,-1.3838409,443396,114816,Unit 12 Bindery,http://id.southampton.ac.uk/site/45,Belgrave Industrial Site
http://id.southampton.ac.uk/building/72A1-B,72A1-B,50.937683,-1.374393,444054,115546,Connaught B (Old Quad),http://id.southampton.ac.uk/site/63,Connaught Hall
http://id.southampton.ac.uk/building/1404,1404,50.9331759,-1.3981409,442389,115031,14 Chamberlain Road,http://id.southampton.ac.uk/site/1,Highfield Campus
http://id.southampton.ac.uk/building/94J,94J,,,,,Store 2,http://id.southampton.ac.uk/site/8,Boat House
http://id.southampton.ac.uk/building/25,25,50.9347702,-1.3934585,442717,115211,EScience Building,http://id.southampton.ac.uk/site/1,Highfield Campus
http://id.southampton.ac.uk/building/73N-A,73N-A,50.94236,-1.402854,442050,116049,Block A Glen Eyre Hall Old Terrace,http://id.southampton.ac.uk/site/57,Glen Eyre Hall
http://id.southampton.ac.uk/building/37,37,50.934147,-1.395696,442560,115140,George Thomas,http://id.southampton.ac.uk/site/1,Highfield Campus
http://id.southampton.ac.uk/building/76M,76M,50.938606,-1.377389,443843,115647,Montefiore Hall Block M,http://id.southampton.ac.uk/site/64,Montefiore Hall
http://id.southampton.ac.uk/building/2,2,50.9362789,-1.3981275,442387,115376,Building 2,http://id.southampton.ac.uk/site/1,Highfield Campus
http://id.southampton.ac.uk/building/1405,1405,50.9332298,-1.3982264,442383,115037,16 Chamberlain Road,http://id.southampton.ac.uk/site/1,Highfield Campus
http://id.southampton.ac.uk/building/76Y,76Y,,,,,Montefiore Cycle Store,http://id.southampton.ac.uk/site/65,Stoneham Hall
http://id.southampton.ac.uk/building/73B4,73B4,50.94405,-1.400848,442189,116238,Glen Eyre Hall Bungalow 4,http://id.southampton.ac.uk/site/57,Glen Eyre Hall
http://id.southampton.ac.uk/building/73X-S,73X-S,50.9427239,-1.4021625,442098,116090,Block S Glen Eyre Hall New Terrace,http://id.southampton.ac.uk/site/57,Glen Eyre Hall
http://id.southampton.ac.uk/building/1580,1580,50.928944,-1.401279,442173,114558,65 Heatherdeane Road,http://id.southampton.ac.uk/site/1,Highfield Campus
http://id.southampton.ac.uk/building/1730-09,1730-09,,,,,Erasmus - House 09,http://id.southampton.ac.uk/site/70,Erasmus Park
http://id.southampton.ac.uk/building/81C,81C,50.945606,-1.390787,442895,116417,Bencraft Court Block C,http://id.southampton.ac.uk/site/62,Bencraft Hall
http://id.southampton.ac.uk/building/95,95,,,,,Old Sports Pavilion Wide Lane,http://id.southampton.ac.uk/site/39,Recreation Facilities at Wide Lane
http://id.southampton.ac.uk/building/1406,1406,50.9332568,-1.3982834,442379,115040,18 Chamberlain Road,http://id.southampton.ac.uk/site/1,Highfield Campus
http://id.southampton.ac.uk/building/94A,94A,50.934563,-1.380039,443660,115195,Boat House 1,http://id.southampton.ac.uk/site/8,Boat House
http://id.southampton.ac.uk/building/9011,9011,50.950558,-1.365365,444676,116983,Changing Room 1 Wide Lane,http://id.southampton.ac.uk/site/39,Recreation Facilities at Wide Lane
http://id.southampton.ac.uk/building/94G,94G,50.934058,-1.380509,443628,115139,Workshop,http://id.southampton.ac.uk/site/8,Boat House
http://id.southampton.ac.uk/building/73H,73H,50.9441011,-1.4020052,442108,116243,Glen Eyre Hall Block H Richard Newitt,http://id.southampton.ac.uk/site/57,Glen Eyre Hall
http://id.southampton.ac.uk/building/9012,9012,50.950558,-1.365365,444676,116983,Changing Room 2 Wide Lane,http://id.southampton.ac.uk/site/39,Recreation Facilities at Wide Lane
http://id.southampton.ac.uk/building/72A1-C,72A1-C,50.937595,-1.374334,444058,115536,Connaught C (Old Quad),http://id.southampton.ac.uk/site/63,Connaught Hall
http://id.southampton.ac.uk/building/52,52,50.9358682,-1.3988324,442338,115330,Turner Sims Concert Hall,http://id.southampton.ac.uk/site/1,Highfield Campus
http://id.southampton.ac.uk/building/81D,81D,50.9458246,-1.3909756,442881,116441,Bencraft Court Bar,http://id.southampton.ac.uk/site/62,Bencraft Hall
http://id.southampton.ac.uk/building/2A,2A,50.9364286,-1.3975235,442430,115393,Building 2 Annexe,http://id.southampton.ac.uk/site/1,Highfield Campus
http://id.southampton.ac.uk/building/9048,9048,,,,,NOC Cont 8 - Aquarium 491 Container 2,http://id.southampton.ac.uk/site/6,National Oceanography Centre Campus
http://id.southampton.ac.uk/building/1730-19,1730-19,,,,,Erasmus - Flat 19,http://id.southampton.ac.uk/site/70,Erasmus Park
http://id.southampton.ac.uk/building/77A,77A,,,,,St Margaret's Bin Store,,
http://id.southampton.ac.uk/building/44B,44B,,,,,Potting Shed behind B44,http://id.southampton.ac.uk/site/1,Highfield Campus
http://id.southampton.ac.uk/building/9001,9001,50.951485,-1.363689,444793,117087,Staff P/kabin 1 Wide Lane,http://id.southampton.ac.uk/site/39,Recreation Facilities at Wide Lane
http://id.southampton.ac.uk/building/1730-08,1730-08,,,,,Erasmus - House 08,http://id.southampton.ac.uk/site/70,Erasmus Park
http://id.southampton.ac.uk/building/68-A1,68-A1,,,,,National Oceanography Centre - Block A1,http://id.southampton.ac.uk/site/6,National Oceanography Centre Campus
http://id.southampton.ac.uk/building/9046,9046,,,,,NOC Cont 6 - Small boats Learning,http://id.southampton.ac.uk/site/6,National Oceanography Centre Campus
http://id.southampton.ac.uk/building/82B,82B,50.9157541,-1.4098021,441585,113087,Romero Hall,,
http://id.southampton.ac.uk/building/9590,9590,50.940327,-1.427804,440299,115809,Aldermoor Health Centre,,
http://id.southampton.ac.uk/building/73K,73K,50.9432479,-1.4009757,442181,116149,"Glen Eyre Hall, Chancellor's Court, Selbourne",http://id.southampton.ac.uk/site/57,Glen Eyre Hall
http://id.southampton.ac.uk/building/146,146,,,,,Mayflower A,,
http://id.southampton.ac.uk/building/1220,1220,50.938011,-1.395103,442598,115570,130 Burgess Road,http://id.southampton.ac.uk/site/1,Highfield Campus
http://id.southampton.ac.uk/building/9047,9047,,,,,NOC Cont 7 - Aquarium 491 Container 1,http://id.southampton.ac.uk/site/6,National Oceanography Centre Campus
http://id.southampton.ac.uk/building/76D,76D,50.937752,-1.376708,443891,115552,Montefiore Hall Block D,http://id.southampton.ac.uk/site/64,Montefiore Hall
http://id.southampton.ac.uk/building/9,9,50.9355501,-1.394215,442663,115297,Engineering Workshops,http://id.southampton.ac.uk/site/1,Highfield Campus
http://id.southampton.ac.uk/building/70BB,70BB,50.941452,-1.401953,442114,115949,South Hill B,http://id.southampton.ac.uk/site/58,South Hill Hall
http://id.southampton.ac.uk/building/65,65,50.929203,-1.402838,442063,114586,Parkes Bldg,http://id.southampton.ac.uk/site/3,Avenue Campus
http://id.southampton.ac.uk/building/1421,1421,50.9339487,-1.3997949,442272,115116,48 Chamberlain Road,http://id.southampton.ac.uk/site/1,Highfield Campus
http://id.southampton.ac.uk/building/53,53,50.937412,-1.398236,442379,115502,New Mountbatten,http://id.southampton.ac.uk/site/1,Highfield Campus
http://id.southampton.ac.uk/building/76V,76V,50.937561,-1.3781373,443791,115530,Montefiore Hall Block V,http://id.southampton.ac.uk/site/64,Montefiore Hall
http://id.southampton.ac.uk/building/72A2-E,72A2-E,50.937344,-1.37467,444035,115508,Connaught E (Old Quad),http://id.southampton.ac.uk/site/63,Connaught Hall
http://id.southampton.ac.uk/building/72B,72B,,,,,Connaught Hall Squash Court,http://id.southampton.ac.uk/site/63,Connaught Hall
http://id.southampton.ac.uk/building/72A2-D,72A2-D,50.937393,-1.37445,444050,115513,Connaught D (Old Quad),http://id.southampton.ac.uk/site/63,Connaught Hall
http://id.southampton.ac.uk/building/70F,70F,,,,,Chamberlain Bin Store,http://id.southampton.ac.uk/site/59,Chamberlain Hall
http://id.southampton.ac.uk/building/1411,1411,50.9334605,-1.398716,442349,115062,28 Chamberlain Road,http://id.southampton.ac.uk/site/1,Highfield Campus
http://id.southampton.ac.uk/building/9033,9033,,,,,Estates container 4 rear of B33,http://id.southampton.ac.uk/site/1,Highfield Campus
http://id.southampton.ac.uk/building/22,22,50.9350233,-1.3941636,442667,115238,Civil Eng Temp Accommodation,http://id.southampton.ac.uk/site/1,Highfield Campus
http://id.southampton.ac.uk/building/78C,78C,50.936543,-1.377534,443834,115417,South Stoneham Dining Room,http://id.southampton.ac.uk/site/65,Stoneham Hall
http://id.southampton.ac.uk/building/72F-S,72F-S,50.938591,-1.375544,443972,115646,Connaught S (New Quad),http://id.southampton.ac.uk/site/63,Connaught Hall
http://id.southampton.ac.uk/building/21,21,50.9351646,-1.3932157,442734,115255,Faraday,http://id.southampton.ac.uk/site/1,Highfield Campus
http://id.southampton.ac.uk/building/1418,1418,50.933772,-1.3993814,442302,115096,42 Chamberlain Road,http://id.southampton.ac.uk/site/1,Highfield Campus
http://id.southampton.ac.uk/building/70E,70E,50.9420383,-1.4034784,442006,116013,Chamberlain Boiler House,http://id.southampton.ac.uk/site/59,Chamberlain Hall
http://id.southampton.ac.uk/building/73B3,73B3,50.94405,-1.400848,442189,116238,Glen Eyre Bungalow 3,http://id.southampton.ac.uk/site/57,Glen Eyre Hall
http://id.southampton.ac.uk/building/73Q1,73Q1,50.943848,-1.402873,442047,116215,Glen Eyre Hall Main Building,http://id.southampton.ac.uk/site/57,Glen Eyre Hall
http://id.southampton.ac.uk/building/1105,1105,50.933516,-1.3961544,442529,115070,43 University Road,http://id.southampton.ac.uk/site/1,Highfield Campus
http://id.southampton.ac.uk/building/1640,1640,50.929989,-1.398211,442387,114676,10 Orchards Way,http://id.southampton.ac.uk/site/1,Highfield Campus
http://id.southampton.ac.uk/building/1419,1419,50.9338139,-1.3994954,442294,115101,44 Chamberlain Road,http://id.southampton.ac.uk/site/1,Highfield Campus
http://id.southampton.ac.uk/building/9595,9595,50.789497,-1.082381,464777,99282,"Nurses' accommodation, Portsmouth",,
http://id.southampton.ac.uk/building/1602,1602,50.9350607,-1.3926691,442772,115243,64 Granby Grove,http://id.southampton.ac.uk/site/1,Highfield Campus
http://id.southampton.ac.uk/building/1730-06,1730-06,,,,,Erasmus - House 06,http://id.southampton.ac.uk/site/70,Erasmus Park
http://id.southampton.ac.uk/building/9500,9500,50.932362,-1.436441,439699,114919,South Academic Block,http://id.southampton.ac.uk/site/18,Southampton General Hospital
http://id.southampton.ac.uk/building/9016,9016,,,,,P/kabin 2 ORC behind B46,http://id.southampton.ac.uk/site/1,Highfield Campus
http://id.southampton.ac.uk/building/1106,1106,50.9335868,-1.3962246,442524,115077,45 University Road,http://id.southampton.ac.uk/site/1,Highfield Campus
http://id.southampton.ac.uk/building/73Q2,73Q2,50.943848,-1.402873,442047,116215,Glen Eyre Hall Dining Hall,http://id.southampton.ac.uk/site/57,Glen Eyre Hall
http://id.southampton.ac.uk/building/1730-17,1730-17,,,,,Erasmus - House 17,http://id.southampton.ac.uk/site/70,Erasmus Park
http://id.southampton.ac.uk/building/9560,9560,,,,,Duthie,http://id.southampton.ac.uk/site/18,Southampton General Hospital
http://id.southampton.ac.uk/building/73X-T,73X-T,50.9424938,-1.4022081,442095,116065,Block T Glen Eyre Hall New Terrace,http://id.southampton.ac.uk/site/57,Glen Eyre Hall
http://id.southampton.ac.uk/building/76P,76P,50.938877,-1.377196,443856,115677,Montefiore Hall Block P,http://id.southampton.ac.uk/site/64,Montefiore Hall
http://id.southampton.ac.uk/building/73T,73T,50.9431457,-1.3994289,442290,116139,Glen Eyre Hall Brunei House,http://id.southampton.ac.uk/site/57,Glen Eyre Hall
http://id.southampton.ac.uk/building/9594,9594,50.711353,-1.300592,449478,90424,"St Mary's Hospital IOW, Recption & Education Block",,
http://id.southampton.ac.uk/building/72E-Q,72E-Q,50.938484,-1.374581,444040,115635,Connaught Q (New Quad),http://id.southampton.ac.uk/site/63,Connaught Hall
http://id.southampton.ac.uk/building/1424,1424,50.9340535,-1.4000135,442257,115127,54 Chamberlain Road,http://id.southampton.ac.uk/site/1,Highfield Campus
http://id.southampton.ac.uk/building/73A,73A,50.943379,-1.4029587,442042,116163,Glen Eyre Hall Block A Richard Newitt,http://id.southampton.ac.uk/site/57,Glen Eyre Hall
http://id.southampton.ac.uk/building/94L,94L,,,,,Container 2,http://id.southampton.ac.uk/site/8,Boat House
http://id.southampton.ac.uk/building/72D-M,72D-M,50.938461,-1.37549,443976,115632,Connaught M (New Quad),http://id.southampton.ac.uk/site/63,Connaught Hall
http://id.southampton.ac.uk/building/86,86,50.93739,-1.396765,442482,115500,Portacabin by Gower Building,http://id.southampton.ac.uk/site/1,Highfield Campus
http://id.southampton.ac.uk/building/33,33,,,,,Estates (Maintenance),http://id.southampton.ac.uk/site/1,Highfield Campus
http://id.southampton.ac.uk/building/73S,73S,50.944126,-1.401352,442154,116247,Glen Eyre Hall Squash Court,http://id.southampton.ac.uk/site/57,Glen Eyre Hall
http://id.southampton.ac.uk/building/1425,1425,50.9341015,-1.4001038,442251,115132,56 Chamberlain Road,http://id.southampton.ac.uk/site/1,Highfield Campus
http://id.southampton.ac.uk/building/92,92,50.9621255,-1.4255025,440442,118235,Alpha House,http://id.southampton.ac.uk/site/5,The University of Southampton Science Park
http://id.southampton.ac.uk/building/1730-05,1730-05,,,,,Erasmus - House 05,http://id.southampton.ac.uk/site/70,Erasmus Park
http://id.southampton.ac.uk/building/32,32,50.9364157,-1.395905,442544,115392,EEE Building,http://id.southampton.ac.uk/site/1,Highfield Campus
http://id.southampton.ac.uk/building/1730-04,1730-04,,,,,Erasmus - House 04,http://id.southampton.ac.uk/site/70,Erasmus Park
http://id.southampton.ac.uk/building/1730-16,1730-16,,,,,Erasmus - House 16,http://id.southampton.ac.uk/site/70,Erasmus Park
http://id.southampton.ac.uk/building/9031,9031,,,,,Estates container 2 rear of B33,http://id.southampton.ac.uk/site/1,Highfield Campus
http://id.southampton.ac.uk/building/73N-F,73N-F,50.94236,-1.402854,442050,116049,Block F Glen Eyre Hall Old Terrace,http://id.southampton.ac.uk/site/57,Glen Eyre Hall
http://id.southampton.ac.uk/building/81E,81E,50.9456236,-1.3911761,442867,116419,Bencraft Court Cycle Sheds,http://id.southampton.ac.uk/site/62,Bencraft Hall
http://id.southampton.ac.uk/building/72A2-J,72A2-J,50.937561,-1.375327,443988,115532,Connaught J (New Quad),http://id.southampton.ac.uk/site/63,Connaught Hall
http://id.southampton.ac.uk/building/59,59,50.9374063,-1.3977863,442410,115501,New Zepler,http://id.southampton.ac.uk/site/1,Highfield Campus
http://id.southampton.ac.uk/building/1426,1426,50.9341314,-1.4001608,442247,115136,58 Chamberlain Road,http://id.southampton.ac.uk/site/1,Highfield Campus
http://id.southampton.ac.uk/building/9008,9008,,,,,Eng Container 2 - rear of B1602,http://id.southampton.ac.uk/site/1,Highfield Campus
http://id.southampton.ac.uk/building/94C,94C,50.9337771,-1.3807397,443612,115108,Westsuit Drying/Store,http://id.southampton.ac.uk/site/8,Boat House
http://id.southampton.ac.uk/building/58A,58A,50.9367447,-1.3980786,442390,115428,Building 58A,http://id.southampton.ac.uk/site/1,Highfield Campus
http://id.southampton.ac.uk/building/17,17,50.9362396,-1.3946145,442634,115373,R J Mitchell Wind Tunnel,http://id.southampton.ac.uk/site/1,Highfield Campus
http://id.southampton.ac.uk/building/73J,73J,50.943919,-1.401488,442144,116223,Glen Eyre Hall Block J,http://id.southampton.ac.uk/site/57,Glen Eyre Hall
http://id.southampton.ac.uk/building/165,165,50.9284882,-1.3907767,442911,114514,18-20 Shaftesbury Avenue,,
http://id.southampton.ac.uk/building/1730-18,1730-18,,,,,Erasmus - House 18,http://id.southampton.ac.uk/site/70,Erasmus Park
http://id.southampton.ac.uk/building/9032,9032,,,,,Estates container 3 rear of B33,http://id.southampton.ac.uk/site/1,Highfield Campus
http://id.southampton.ac.uk/building/73N-E,73N-E,50.94236,-1.402854,442050,116049,Block E Glen Eyre Hall Old Terrace,http://id.southampton.ac.uk/site/57,Glen Eyre Hall
http://id.southampton.ac.uk/building/16,16,50.9376285,-1.3956608,442560,115527,Building 16,http://id.southampton.ac.uk/site/1,Highfield Campus
http://id.southampton.ac.uk/building/1730-07,1730-07,,,,,Erasmus - House 07,http://id.southampton.ac.uk/site/70,Erasmus Park
http://id.southampton.ac.uk/building/1730-15,1730-15,,,,,Erasmus - House 15,http://id.southampton.ac.uk/site/70,Erasmus Park
http://id.southampton.ac.uk/building/73N-G,73N-G,50.94236,-1.402854,442050,116049,Block G Glen Eyre Hall Old Terrace,http://id.southampton.ac.uk/site/57,Glen Eyre Hall
http://id.southampton.ac.uk/building/9021,9021,,,,,Container 2 - B21,http://id.southampton.ac.uk/site/1,Highfield Campus
http://id.southampton.ac.uk/building/7,7,50.9353558,-1.3940282,442676,115275,Lanchester,http://id.southampton.ac.uk/site/1,Highfield Campus
http://id.southampton.ac.uk/building/94B,94B,50.934563,-1.380039,443660,115195,Boat House 2,http://id.southampton.ac.uk/site/8,Boat House
http://id.southampton.ac.uk/building/1,1,50.9376734,-1.3960704,442531,115532,Building 1,http://id.southampton.ac.uk/site/1,Highfield Campus
http://id.southampton.ac.uk/building/1408,1408,50.9333406,-1.3984498,442367,115049,22 Chamberlain Road,http://id.southampton.ac.uk/site/1,Highfield Campus
http://id.southampton.ac.uk/building/1730-11,1730-11,,,,,Erasmus - House 11,http://id.southampton.ac.uk/site/70,Erasmus Park
http://id.southampton.ac.uk/building/48,48,50.935696,-1.399485,442293,115310,University Health Centre,http://id.southampton.ac.uk/site/1,Highfield Campus
http://id.southampton.ac.uk/building/148,148,,,,,Mayflower C,,
http://id.southampton.ac.uk/building/73M,73M,50.9437017,-1.3998397,442260,116200,"Glen Eyre Hall, Chancellor's Court, Roll",http://id.southampton.ac.uk/site/57,Glen Eyre Hall
http://id.southampton.ac.uk/building/1409,1409,50.9333886,-1.3985496,442360,115054,24 Chamberlain Road,http://id.southampton.ac.uk/site/1,Highfield Campus
http://id.southampton.ac.uk/building/1410,1410,50.9334155,-1.3986066,442356,115057,26 Chamberlain Road,http://id.southampton.ac.uk/site/1,Highfield Campus
http://id.southampton.ac.uk/building/30A,30A,,,,,Combinatorial Chemistry,http://id.southampton.ac.uk/site/1,Highfield Campus
http://id.southampton.ac.uk/building/76F,76F,50.938011,-1.37733,443847,115580,Montefiore Hall Block F,http://id.southampton.ac.uk/site/64,Montefiore Hall
http://id.southampton.ac.uk/building/79B,79B,50.940411,-1.401899,442119,115833,Hartley Grove B,http://id.southampton.ac.uk/site/60,Hartley Grove
http://id.southampton.ac.uk/building/9015,9015,,,,,P/kabin 1 ORC behind B46,http://id.southampton.ac.uk/site/1,Highfield Campus
http://id.southampton.ac.uk/building/1501,1501,50.933098,-1.393987,442681,115024,17 Hartley Avenue,http://id.southampton.ac.uk/site/1,Highfield Campus
http://id.southampton.ac.uk/building/76X,76X,50.9370062,-1.3784588,443769,115468,Montefiore Hall Block X,http://id.southampton.ac.uk/site/64,Montefiore Hall
http://id.southampton.ac.uk/building/1730-03,1730-03,,,,,Erasmus - House 03,http://id.southampton.ac.uk/site/70,Erasmus Park
http://id.southampton.ac.uk/building/1403,1403,50.9331489,-1.3980886,442393,115028,12 Chamberlain Road,http://id.southampton.ac.uk/site/1,Highfield Campus
http://id.southampton.ac.uk/building/123,123,50.898575,-1.396685,442523,111184,College Keep,,
http://id.southampton.ac.uk/building/1730-02,1730-02,,,,,Erasmus - House 02,http://id.southampton.ac.uk/site/70,Erasmus Park
http://id.southampton.ac.uk/building/9520,9520,50.933701,-1.435561,439759,115068,West Wing,http://id.southampton.ac.uk/site/18,Southampton General Hospital
http://id.southampton.ac.uk/building/1730-14,1730-14,,,,,Erasmus - House 14,http://id.southampton.ac.uk/site/70,Erasmus Park
http://id.southampton.ac.uk/building/1730-13,1730-13,,,,,Erasmus - House 13,http://id.southampton.ac.uk/site/70,Erasmus Park
http://id.southampton.ac.uk/building/60,60,50.93774,-1.3975471,442427,115539,Gower,http://id.southampton.ac.uk/site/1,Highfield Campus
http://id.southampton.ac.uk/building/94K,94K,,,,,Container 1,http://id.southampton.ac.uk/site/8,Boat House
http://id.southampton.ac.uk/building/1508,1508,50.933701,-1.393915,442686,115091,31 Hartley Avenue,http://id.southampton.ac.uk/site/1,Highfield Campus
http://id.southampton.ac.uk/building/9593,9593,50.800404,-1.065159,465975,100510,"St. Mary's Hospital, Portsmouth",,
http://id.southampton.ac.uk/building/115,115,50.936291,-1.397173,442455,115378,Interchange Kiosk,http://id.southampton.ac.uk/site/1,Highfield Campus
http://id.southampton.ac.uk/building/1223,1223,,,,,The Stile,http://id.southampton.ac.uk/site/1,Highfield Campus
http://id.southampton.ac.uk/building/71,71,,,,,Chilworth Estate,http://id.southampton.ac.uk/site/5,The University of Southampton Science Park
http://id.southampton.ac.uk/building/1730-42,1730-42,,,,,Erasmus - Flat 42,http://id.southampton.ac.uk/site/70,Erasmus Park
http://id.southampton.ac.uk/building/63K,63K,51.066025,-1.310366,448419,129858,West Site,http://id.southampton.ac.uk/site/4,Winchester School of Art
http://id.southampton.ac.uk/building/78E,78E,50.9373466,-1.3759936,443942,115507,South Stoneham Warden's Lodge,http://id.southampton.ac.uk/site/65,Stoneham Hall
http://id.southampton.ac.uk/building/1730-10,1730-10,,,,,Erasmus - House 10,http://id.southampton.ac.uk/site/70,Erasmus Park
http://id.southampton.ac.uk/building/9014,9014,50.9333,-1.39509,442604,115046,P/kabin Occ Health rr 26/28 UR,http://id.southampton.ac.uk/site/1,Highfield Campus
http://id.southampton.ac.uk/building/9014,9014,50.9333,-1.3950837100,442604,115046,P/kabin Occ Health rr 26/28 UR,http://id.southampton.ac.uk/site/1,Highfield Campus
http://id.southampton.ac.uk/building/9014,9014,50.9335081200,-1.39509,442604,115046,P/kabin Occ Health rr 26/28 UR,http://id.southampton.ac.uk/site/1,Highfield Campus
http://id.southampton.ac.uk/building/9014,9014,50.9335081200,-1.3950837100,442604,115046,P/kabin Occ Health rr 26/28 UR,http://id.southampton.ac.uk/site/1,Highfield Campus
http://id.southampton.ac.uk/building/8,8,50.936537,-1.3947926,442622,115406,A B Woods Laboratory,http://id.southampton.ac.uk/site/1,Highfield Campus
http://id.southampton.ac.uk/building/1601,1601,50.9350404,-1.3925923,442778,115241,62 Granby Grove,http://id.southampton.ac.uk/site/1,Highfield Campus
http://id.southampton.ac.uk/building/73C,73C,50.9436282,-1.4032123,442024,116190,Glen Eyre Hall Block C Richard Newitt,http://id.southampton.ac.uk/site/57,Glen Eyre Hall
http://id.southampton.ac.uk/building/9555,9555,,,,,IDS,http://id.southampton.ac.uk/site/18,Southampton General Hospital
http://id.southampton.ac.uk/building/72CC,72CC,,,,,Connaught Hall/Lobby/Laundry,http://id.southampton.ac.uk/site/63,Connaught Hall
http://id.southampton.ac.uk/building/1622,1622,50.936714,-1.390499,442923,115429,158 Mayfield Road,http://id.southampton.ac.uk/site/1,Highfield Campus
http://id.southampton.ac.uk/building/1730-01,1730-01,,,,,Erasmus - House 01,http://id.southampton.ac.uk/site/70,Erasmus Park
http://id.southampton.ac.uk/building/1414,1414,50.9336342,-1.3990629,442324,115081,34 Chamberlain Road,http://id.southampton.ac.uk/site/1,Highfield Campus
http://id.southampton.ac.uk/building/44,44,50.934322,-1.399062,442324,115158,Shackleton,http://id.southampton.ac.uk/site/1,Highfield Campus
http://id.southampton.ac.uk/building/1730-12,1730-12,,,,,Erasmus - House 12,http://id.southampton.ac.uk/site/70,Erasmus Park
http://id.southampton.ac.uk/building/1310,1310,,,,,16 Highfield Road,http://id.southampton.ac.uk/site/3,Avenue Campus
http://id.southampton.ac.uk/building/1730-41,1730-41,,,,,Erasmus - Flat 41,http://id.southampton.ac.uk/site/70,Erasmus Park
http://id.southampton.ac.uk/building/9580,9580,50.934307,-1.433555,439900,115137,Somers Cancer Research,http://id.southampton.ac.uk/site/18,Southampton General Hospital
http://id.southampton.ac.uk/building/171,171,,,,,City Gateway D,,
http://id.southampton.ac.uk/building/28,28,50.9346967,-1.3945278,442642,115202,Froude,http://id.southampton.ac.uk/site/1,Highfield Campus
http://id.southampton.ac.uk/building/63A,63A,51.0657027,-1.3088779,448524,129823,East Site,http://id.southampton.ac.uk/site/4,Winchester School of Art
http://id.southampton.ac.uk/building/70AA,70AA,50.9415981,-1.4025225,442074,115965,South Hill A,http://id.southampton.ac.uk/site/58,South Hill Hall
http://id.southampton.ac.uk/building/39,39,50.936722,-1.399298,442305,115424,Soton Stat Sci Res Institute,http://id.southampton.ac.uk/site/1,Highfield Campus
http://id.southampton.ac.uk/building/72X,72X,,,,,Connaugt Garages,http://id.southampton.ac.uk/site/64,Montefiore Hall
http://id.southampton.ac.uk/building/1504,1504,50.933353,-1.393979,442682,115053,23 Hartley Avenue,http://id.southampton.ac.uk/site/1,Highfield Campus
http://id.southampton.ac.uk/building/94N,94N,,,,,Container 4,http://id.southampton.ac.uk/site/8,Boat House
http://id.southampton.ac.uk/building/27,27,50.93432,-1.393776,442695,115160,Chemistry,http://id.southampton.ac.uk/site/1,Highfield Campus
http://id.southampton.ac.uk/building/1391,1391,50.933636,-1.400937,442192,115080,1B Oakhurst Road,,
http://id.southampton.ac.uk/building/147,147,,,,,Mayflower B,,
http://id.southampton.ac.uk/building/76E,76E,50.937859,-1.376204,443926,115564,Montefiore Hall Block E,http://id.southampton.ac.uk/site/64,Montefiore Hall
http://id.southampton.ac.uk/building/76Q,76Q,50.939026,-1.376536,443902,115694,Montefiore Hall Block Q,http://id.southampton.ac.uk/site/64,Montefiore Hall
http://id.southampton.ac.uk/building/9019,9019,,,,,Plumbers' Store behind B35,http://id.southampton.ac.uk/site/1,Highfield Campus
http://id.southampton.ac.uk/building/1730-40,1730-40,,,,,Erasmus - Flat 40,http://id.southampton.ac.uk/site/70,Erasmus Park
http://id.southampton.ac.uk/building/78B,78B,50.936699,-1.377465,443839,115434,South Stoneham Tower,http://id.southampton.ac.uk/site/65,Stoneham Hall
http://id.southampton.ac.uk/building/94E,94E,,,,,Petrol Store,http://id.southampton.ac.uk/site/8,Boat House
http://id.southampton.ac.uk/building/1407,1407,50.9333077,-1.398388,442372,115045,20 Chamberlain Road,http://id.southampton.ac.uk/site/1,Highfield Campus
http://id.southampton.ac.uk/building/9004,9004,50.951576,-1.363506,444806,117097,Gardening Shed Wide Lane,http://id.southampton.ac.uk/site/39,Recreation Facilities at Wide Lane
http://id.southampton.ac.uk/building/73L,73L,50.9437049,-1.4006309,442205,116200,"Glen Eyre Hall, Chancellor's Court, Jellicoe",http://id.southampton.ac.uk/site/57,Glen Eyre Hall
http://id.southampton.ac.uk/building/167,167,,,,,Data Centre,,
http://id.southampton.ac.uk/building/94D,94D,,,,,Store 1,http://id.southampton.ac.uk/site/8,Boat House
http://id.southampton.ac.uk/building/79A,79A,50.940872,-1.402425,442081,115884,Hartley Grove A,http://id.southampton.ac.uk/site/60,Hartley Grove
http://id.southampton.ac.uk/building/68-N9,68-N9,,,,,National Oceanography Centre - Block N9,http://id.southampton.ac.uk/site/6,National Oceanography Centre Campus
http://id.southampton.ac.uk/building/176,176,,,,,Block B,http://id.southampton.ac.uk/site/2,Boldrewood Campus
http://id.southampton.ac.uk/building/72A1-A,72A1-A,50.937782,-1.374458,444049,115557,Connaught A (Old Quad),http://id.southampton.ac.uk/site/63,Connaught Hall
http://id.southampton.ac.uk/building/72C,72C,50.93819,-1.375367,443985,115602,Connaught Hall Dining Room,http://id.southampton.ac.uk/site/63,Connaught Hall
http://id.southampton.ac.uk/building/9510,9510,50.932819,-1.435797,439743,114970,Lab & Path Block,http://id.southampton.ac.uk/site/18,Southampton General Hospital
http://id.southampton.ac.uk/building/9042,9042,,,,,NOC Cont 2 - A3 Small container,http://id.southampton.ac.uk/site/6,National Oceanography Centre Campus
http://id.southampton.ac.uk/building/38,38,50.9354059,-1.3974278,442437,115279,Staff Social Centre,http://id.southampton.ac.uk/site/1,Highfield Campus
http://id.southampton.ac.uk/building/166,166,50.789497,-1.082381,464777,99282,"1A Victoria Place, Portsmouth",,
http://id.southampton.ac.uk/building/37A,37A,50.933811,-1.395687,442561,115103,George Thomas Building Exten,http://id.southampton.ac.uk/site/1,Highfield Campus
http://id.southampton.ac.uk/building/97,97,50.9609746,-1.4250697,440473,118107,Epsilon House,http://id.southampton.ac.uk/site/5,The University of Southampton Science Park
http://id.southampton.ac.uk/building/54,54,50.9362228,-1.3988756,442335,115369,Mathematics,http://id.southampton.ac.uk/site/1,Highfield Campus
http://id.southampton.ac.uk/building/76H,76H,50.938232,-1.376402,443912,115606,Montefiore Hall Block H,http://id.southampton.ac.uk/site/64,Montefiore Hall
http://id.southampton.ac.uk/building/1222,1222,50.938034,-1.39495,442609,115573,136 Burgess Road,http://id.southampton.ac.uk/site/1,Highfield Campus
http://id.southampton.ac.uk/building/67,67,50.9366885,-1.3966181,442493,115422,Nightingale,http://id.southampton.ac.uk/site/1,Highfield Campus
http://id.southampton.ac.uk/building/5,5,50.9355883,-1.3948313,442620,115301,Eustice,http://id.southampton.ac.uk/site/1,Highfield Campus
http://id.southampton.ac.uk/building/94M,94M,,,,,Container 3,http://id.southampton.ac.uk/site/8,Boat House
http://id.southampton.ac.uk/building/76Z,76Z,50.937473,-1.376976,443873,115521,Montefiore Hall - Reception,http://id.southampton.ac.uk/site/64,Montefiore Hall
http://id.southampton.ac.uk/building/13,13,50.935551,-1.393488,442714,115297,Tizard,http://id.southampton.ac.uk/site/1,Highfield Campus
http://id.southampton.ac.uk/building/9540,9540,,,,,Modular Building,http://id.southampton.ac.uk/site/18,Southampton General Hospital
http://id.southampton.ac.uk/building/73N-K,73N-K,50.94236,-1.402854,442050,116049,Block K Glen Eyre Hall Old Terrace,http://id.southampton.ac.uk/site/57,Glen Eyre Hall
http://id.southampton.ac.uk/building/1412,1412,50.9334904,-1.3987777,442344,115065,30 Chamberlain Road,http://id.southampton.ac.uk/site/1,Highfield Campus
http://id.southampton.ac.uk/building/9034,9034,,,,,Estates Storage cage - Rear B33,http://id.southampton.ac.uk/site/1,Highfield Campus
http://id.southampton.ac.uk/building/73E,73E,50.9438934,-1.4021067,442101,116220,Glen Eyre Hall Block E Richard Newitt,http://id.southampton.ac.uk/site/57,Glen Eyre Hall
http://id.southampton.ac.uk/building/1413,1413,50.9336012,-1.3990059,442328,115077,32 Chamberlain Road,http://id.southampton.ac.uk/site/1,Highfield Campus
http://id.southampton.ac.uk/building/150,150,50.9307365,-1.3840867,443379,114768,Unit 6 Store,http://id.southampton.ac.uk/site/45,Belgrave Industrial Site
http://id.southampton.ac.uk/building/73X-R,73X-R,50.9429188,-1.4023501,442085,116112,Block R Glen Eyre Hall New Terrace,http://id.southampton.ac.uk/site/57,Glen Eyre Hall
http://id.southampton.ac.uk/building/72A2-F,72A2-F,50.937279,-1.374884,444020,115501,Connaught F (Old Quad),http://id.southampton.ac.uk/site/63,Connaught Hall
http://id.southampton.ac.uk/building/1101,1101,50.9330414,-1.3959296,442545,115017,31 University Road,http://id.southampton.ac.uk/site/1,Highfield Campus
http://id.southampton.ac.uk/building/75B,75B,,,,,Highfield Hall Laundry,http://id.southampton.ac.uk/site/56,Highfield Hall
http://id.southampton.ac.uk/building/9596,9596,,,,,"St Mary's Hospital IOW, Admin Cottage",,
http://id.southampton.ac.uk/building/73X-Q,73X-Q,50.9429667,-1.4026798,442062,116117,Block Q Glen Eyre Hall New Terrace,http://id.southampton.ac.uk/site/57,Glen Eyre Hall
http://id.southampton.ac.uk/building/USMC1,USMC1,1.44429722222222,103.605494444444,-11206623,-5072386,Malaysia Campus First Building,,
http://id.southampton.ac.uk/building/9020,9020,,,,,Container 1 - B21,http://id.southampton.ac.uk/site/1,Highfield Campus
http://id.southampton.ac.uk/building/9597,9597,,,,,Quad Building,,
http://id.southampton.ac.uk/building/9561,9561,,,,,Duthie/Tenovus Link,http://id.southampton.ac.uk/site/18,Southampton General Hospital
http://id.southampton.ac.uk/building/1604,1604,50.9425216,-1.4039043,441976,116067,Bassett House,,
http://id.southampton.ac.uk/building/77,77,50.920439,-1.4068368,441790,113609,St Margaret's Hall,,
http://id.southampton.ac.uk/building/89,89,,,,,Chilworth Laboratories,http://id.southampton.ac.uk/site/5,The University of Southampton Science Park
http://id.southampton.ac.uk/building/63C,63C,51.065325,-1.3087201,448535,129781,Terrapin,http://id.southampton.ac.uk/site/4,Winchester School of Art
http://id.southampton.ac.uk/building/9018,9018,,,,,P/kabin 2 behind B35,http://id.southampton.ac.uk/site/1,Highfield Campus
http://id.southampton.ac.uk/building/76A,76A,50.937321,-1.3784044,443772,115503,Montefiore Hall Block A,http://id.southampton.ac.uk/site/64,Montefiore Hall
http://id.southampton.ac.uk/building/1730-29,1730-29,,,,,Erasmus - Flat 29,http://id.southampton.ac.uk/site/70,Erasmus Park
http://id.southampton.ac.uk/building/9002,9002,,,,,P/kabin 2 rear Bld 35,http://id.southampton.ac.uk/site/1,Highfield Campus
http://id.southampton.ac.uk/building/192,192,,,,,Boldrewood Sub Station,http://id.southampton.ac.uk/site/2,Boldrewood Campus
http://id.southampton.ac.uk/building/1420,1420,50.9338439,-1.3995477,442290,115104,46 Chamberlain Road S/Union,http://id.southampton.ac.uk/site/1,Highfield Campus
http://id.southampton.ac.uk/building/76G,76G,50.938107,-1.376933,443875,115591,Montefiore Hall Block G,http://id.southampton.ac.uk/site/64,Montefiore Hall
http://id.southampton.ac.uk/building/1417,1417,50.933742,-1.3993291,442305,115093,40 Chamberlain Road,http://id.southampton.ac.uk/site/1,Highfield Campus
http://id.southampton.ac.uk/building/76S,76S,50.939289,-1.376349,443915,115723,Montefiore Hall Block S,http://id.southampton.ac.uk/site/64,Montefiore Hall
http://id.southampton.ac.uk/building/73W,73W,50.9431776,-1.4031058,442031,116140,Glen Eyre Hall Block W,http://id.southampton.ac.uk/site/57,Glen Eyre Hall
http://id.southampton.ac.uk/building/34,34,50.9344936,-1.395317,442587,115179,Education,http://id.southampton.ac.uk/site/1,Highfield Campus
http://id.southampton.ac.uk/building/72A2-G,72A2-G,50.937355,-1.375187,443998,115509,Connaught G (Old Quad),http://id.southampton.ac.uk/site/63,Connaught Hall
http://id.southampton.ac.uk/building/9003,9003,,,,,"Boiler House, Wide Lane",http://id.southampton.ac.uk/site/39,Recreation Facilities at Wide Lane
http://id.southampton.ac.uk/building/73N-C,73N-C,50.94236,-1.402854,442050,116049,Block C Glen Eyre Hall Old Terrace,http://id.southampton.ac.uk/site/57,Glen Eyre Hall
http://id.southampton.ac.uk/building/40,40,50.9347275,-1.3973325,442445,115204,West Bld & Staff Social Centre,http://id.southampton.ac.uk/site/1,Highfield Campus
http://id.southampton.ac.uk/building/1626,1626,,,,,13 Chestnut Lodge,,
http://id.southampton.ac.uk/building/78D,78D,,,,,South Stoneham Staff Block,http://id.southampton.ac.uk/site/65,Stoneham Hall
http://id.southampton.ac.uk/building/1221,1221,50.938026,-1.395002,442605,115572,134 Burgess Road,http://id.southampton.ac.uk/site/1,Highfield Campus
http://id.southampton.ac.uk/building/73N-B,73N-B,50.94236,-1.402854,442050,116049,Block B Glen Eyre Hall Old Terrace,http://id.southampton.ac.uk/site/57,Glen Eyre Hall
http://id.southampton.ac.uk/building/73B,73B,50.9434045,-1.4032985,442018,116165,Glen Eyre Hall Block B Richard Newitt,http://id.southampton.ac.uk/site/57,Glen Eyre Hall
http://id.southampton.ac.uk/building/1730-28,1730-28,,,,,Erasmus - Flat 28,http://id.southampton.ac.uk/site/70,Erasmus Park
http://id.southampton.ac.uk/building/1395,1395,50.9381522,-1.4037955,441988,115581,17 Oaklands Way,http://id.southampton.ac.uk/site/2,Boldrewood Campus
http://id.southampton.ac.uk/building/6,6,50.9359585,-1.3972189,442452,115341,Nuffield Theatre,http://id.southampton.ac.uk/site/1,Highfield Campus
http://id.southampton.ac.uk/building/73N-D,73N-D,50.94236,-1.402854,442050,116049,Block D Glen Eyre Hall Old Terrace,http://id.southampton.ac.uk/site/57,Glen Eyre Hall
http://id.southampton.ac.uk/building/79C,79C,50.940643,-1.401371,442156,115859,Hartley Grove C,http://id.southampton.ac.uk/site/60,Hartley Grove
http://id.southampton.ac.uk/building/94F,94F,50.934185,-1.380549,443625,115153,Boat House Changing Rooms,http://id.southampton.ac.uk/site/8,Boat House
http://id.southampton.ac.uk/building/1730-25,1730-25,,,,,Erasmus - Flat 25,http://id.southampton.ac.uk/site/70,Erasmus Park
http://id.southampton.ac.uk/building/72A2-H,72A2-H,50.937454,-1.375257,443993,115520,Connaught H (Old Quad),http://id.southampton.ac.uk/site/63,Connaught Hall
http://id.southampton.ac.uk/building/72E-R,72E-R,50.938183,-1.374367,444055,115601,Connaught R (New Quad),http://id.southampton.ac.uk/site/63,Connaught Hall
http://id.southampton.ac.uk/building/1730-36,1730-36,,,,,Erasmus - Flat 36,http://id.southampton.ac.uk/site/70,Erasmus Park
http://id.southampton.ac.uk/building/73B2,73B2,50.94405,-1.400848,442189,116238,Glen Eyre Bungalow 2,http://id.southampton.ac.uk/site/57,Glen Eyre Hall
http://id.southampton.ac.uk/building/1104,1104,50.9334345,-1.396101,442532,115061,41 University Rd - Chaplaincy,http://id.southampton.ac.uk/site/1,Highfield Campus
http://id.southampton.ac.uk/building/35,35,50.93383,-1.394475,442646,115105,David Kiddle,http://id.southampton.ac.uk/site/1,Highfield Campus
http://id.southampton.ac.uk/building/75A,75A,50.9298947,-1.4018216,442134,114664,Highfield Hall Aubrey House,http://id.southampton.ac.uk/site/56,Highfield Hall
http://id.southampton.ac.uk/building/9530,9530,50.933247,-1.434392,439842,115018,Centre Block,http://id.southampton.ac.uk/site/18,Southampton General Hospital
http://id.southampton.ac.uk/building/168,168,,,,,City Gateway A,,
http://id.southampton.ac.uk/building/63L,63L,51.066373,-1.3102375,448428,129897,Students' Union,http://id.southampton.ac.uk/site/4,Winchester School of Art
http://id.southampton.ac.uk/building/78F,78F,,,,,South Stoneham Garages,,
http://id.southampton.ac.uk/building/93,93,50.952282,-1.363412,444811,117176,New Sports Pavilion Wide Lane,http://id.southampton.ac.uk/site/39,Recreation Facilities at Wide Lane
http://id.southampton.ac.uk/building/1710,1710,50.9421475,-1.4032158,442025,116025,50 Glen Eyre Road,http://id.southampton.ac.uk/site/59,Chamberlain Hall
http://id.southampton.ac.uk/building/76J,76J,50.938339,-1.377561,443831,115617,Montefiore Hall Block J,http://id.southampton.ac.uk/site/64,Montefiore Hall
http://id.southampton.ac.uk/building/1502,1502,50.933182,-1.393974,442682,115034,19 Hartley Avenue,http://id.southampton.ac.uk/site/1,Highfield Campus
http://id.southampton.ac.uk/building/1730-27,1730-27,,,,,Erasmus - Flat 27,http://id.southampton.ac.uk/site/70,Erasmus Park
http://id.southampton.ac.uk/building/1730-39,1730-39,,,,,Erasmus - Flat 39,http://id.southampton.ac.uk/site/70,Erasmus Park
http://id.southampton.ac.uk/building/19,19,50.9355444,-1.392867,442758,115297,ISVR,http://id.southampton.ac.uk/site/1,Highfield Campus
http://id.southampton.ac.uk/building/1610,1610,50.936123,-1.37853,443765,115370,24 Mead Crescent,,
http://id.southampton.ac.uk/building/1730-38,1730-38,,,,,Erasmus - Flat 38,http://id.southampton.ac.uk/site/70,Erasmus Park
http://id.southampton.ac.uk/building/1603,1603,50.9380349,-1.4032566,442025,115568,34 Bassett Crescent East,http://id.southampton.ac.uk/site/2,Boldrewood Campus
http://id.southampton.ac.uk/building/61,61,,,,,Ship Science Store,http://id.southampton.ac.uk/site/1,Highfield Campus
http://id.southampton.ac.uk/building/94O,94O,,,,,Container 5,http://id.southampton.ac.uk/site/8,Boat House
http://id.southampton.ac.uk/building/9017,9017,,,,,P/kabin 1 behind B35,http://id.southampton.ac.uk/site/1,Highfield Campus
http://id.southampton.ac.uk/building/62,62,50.9372304,-1.4049952,441904,115478,Boldrewood,http://id.southampton.ac.uk/site/2,Boldrewood Campus
http://id.southampton.ac.uk/building/1503,1503,50.93327,-1.393982,442682,115044,21 Hartley Avenue,http://id.southampton.ac.uk/site/1,Highfield Campus
http://id.southampton.ac.uk/building/50,50,50.936142,-1.3994,442298,115360,John Hansard Gallery,http://id.southampton.ac.uk/site/1,Highfield Campus
http://id.southampton.ac.uk/building/9045,9045,,,,,NOC Cont 5 - Small boats Workshop,http://id.southampton.ac.uk/site/6,National Oceanography Centre Campus
http://id.southampton.ac.uk/building/9006,9006,,,,,Eng Garage - rear of B1602,http://id.southampton.ac.uk/site/1,Highfield Campus
http://id.southampton.ac.uk/building/152,152,50.9312434,-1.3838018,443399,114824,Unit 13 Print Centre,http://id.southampton.ac.uk/site/45,Belgrave Industrial Site
http://id.southampton.ac.uk/building/1730-37,1730-37,,,,,Erasmus - Flat 37,http://id.southampton.ac.uk/site/70,Erasmus Park
http://id.southampton.ac.uk/building/126,126,,,,,Unit 2 The Print Centre,,
http://id.southampton.ac.uk/building/9550,9550,50.935337,-1.434907,439804,115251,P/Anne Maternity Unit,http://id.southampton.ac.uk/site/18,Southampton General Hospital
http://id.southampton.ac.uk/building/72G,72G,50.937477,-1.374106,444074,115523,"Connaught Hall, The Bungalow",http://id.southampton.ac.uk/site/63,Connaught Hall
http://id.southampton.ac.uk/building/9007,9007,,,,,Eng Container 1 - rear of B1602,http://id.southampton.ac.uk/site/1,Highfield Campus
http://id.southampton.ac.uk/building/73G,73G,50.9436666,-1.4018785,442117,116195,Glen Eyre Hall Block G Richard Newitt,http://id.southampton.ac.uk/site/57,Glen Eyre Hall
http://id.southampton.ac.uk/building/1730-26,1730-26,,,,,Erasmus - Flat 26,http://id.southampton.ac.uk/site/70,Erasmus Park
http://id.southampton.ac.uk/building/31,31,,,,,Hartley Store,http://id.southampton.ac.uk/site/1,Highfield Campus
http://id.southampton.ac.uk/building/72A2-K,72A2-K,50.937805,-1.374989,444012,115559,Connaught K (New Quad),http://id.southampton.ac.uk/site/63,Connaught Hall
http://id.southampton.ac.uk/building/63F,63F,51.0656271,-1.3097192,448465,129814,Adminstration,http://id.southampton.ac.uk/site/4,Winchester School of Art
http://id.southampton.ac.uk/building/191,191,,,,,Boldrewood Switch Room,http://id.southampton.ac.uk/site/2,Boldrewood Campus
http://id.southampton.ac.uk/building/70B,70B,50.9412373,-1.4032631,442022,115924,Chamberlain B,http://id.southampton.ac.uk/site/59,Chamberlain Hall
http://id.southampton.ac.uk/building/76R,76R,50.939156,-1.376976,443871,115708,Montefiore Hall Block R,http://id.southampton.ac.uk/site/64,Montefiore Hall
http://id.southampton.ac.uk/building/9581,9581,,,,,MRC Building,http://id.southampton.ac.uk/site/18,Southampton General Hospital
http://id.southampton.ac.uk/building/18,18,50.9338813,-1.3966792,442491,115110,Jubilee Sports Complex,http://id.southampton.ac.uk/site/1,Highfield Campus
http://id.southampton.ac.uk/building/73B1,73B1,50.94405,-1.400848,442189,116238,Glen Eyre Hall Bungalow 1,http://id.southampton.ac.uk/site/57,Glen Eyre Hall
http://id.southampton.ac.uk/building/175,175,,,,,Lloyds Register,http://id.southampton.ac.uk/site/2,Boldrewood Campus